Name,Manufacturer,Technology,Bifacial,STC,PTC,A_c,Length,Width,N_s,I_sc_ref,V_oc_ref,I_mp_ref,V_mp_ref,alpha_sc,beta_oc,T_NOCT,a_ref,I_L_ref,I_o_ref,R_s,R_sh_ref,Adjust,gamma_r,BIPV,Version,Date
Ablytek 6MN6A270,Ablytek,Mono-c-Si,0,270.643,242.1,1.627,1.64,0.992,60,9.34,38.63,8.81,30.72,0.00486614,-0.121182,47.4,1.58733,9.34243,2.51E-10,0.374013,1440.5,12.6561,-0.4509,N,SAM 2021.12.02,11/16/2022
Amerisolar-Worldwide Energy and Manufacturing USA Co. Ltd AS-6M144-HC-435W,Amerisolar-Worldwide Energy and Manufacturing USA Co. Ltd,Mono-c-Si,0,435.336,401.8,2.12,,,72,11.26,49.4,10.67,40.8,0.006193,-0.137826,46,1.91652,11.2639,7.16E-11,0.259805,741.164,12.8325,-0.38,N,SAM 2021.12.02,11/16/2022
Amerisolar-Worldwide Energy and Manufacturing USA Co. Ltd AS-6M144-BHC-440W,Amerisolar-Worldwide Energy and Manufacturing USA Co. Ltd,Mono-c-Si,0,440.34,407.3,2.14,,,72,11.45,49.3,10.74,41,0.007099,-0.154309,45.4,1.96128,11.4606,1.36E-10,0.217054,235.281,5.65737,-0.381,N,SAM 2021.12.02,11/16/2022
Amerisolar-Worldwide Energy and Manufacturing USA Co. Ltd AS-6M144-HC-440W,Amerisolar-Worldwide Energy and Manufacturing USA Co. Ltd,Mono-c-Si,0,440.34,406.6,2.12,,,72,11.33,49.6,10.74,41,0.0062315,-0.138384,46,1.92479,11.3337,7.25E-11,0.255524,784.312,12.8968,-0.38,N,SAM 2021.12.02,11/16/2022
Amerisolar-Worldwide Energy and Manufacturing USA Co. Ltd AS-6M144-BHC-445W,Amerisolar-Worldwide Energy and Manufacturing USA Co. Ltd,Mono-c-Si,0,445.372,412.1,2.14,,,72,11.52,49.5,10.81,41.2,0.0071424,-0.154935,45.4,1.96968,11.5302,1.38E-10,0.213054,240.341,5.7078,-0.381,N,SAM 2021.12.02,11/16/2022
Amerisolar-Worldwide Energy and Manufacturing USA Co. Ltd AS-6M144-HC-445W,Amerisolar-Worldwide Energy and Manufacturing USA Co. Ltd,Mono-c-Si,0,445.372,411.3,2.12,,,72,11.4,49.8,10.81,41.2,0.00627,-0.138942,46,1.93306,11.4034,7.35E-11,0.251299,832.268,12.9606,-0.38,N,SAM 2021.12.02,11/16/2022
Amerisolar-Worldwide Energy and Manufacturing USA Co. Ltd AS-6M144-BHC-450W,Amerisolar-Worldwide Energy and Manufacturing USA Co. Ltd,Mono-c-Si,0,450.018,416.9,2.14,,,72,11.58,49.6,10.87,41.4,0.0071796,-0.155248,45.4,1.97636,11.5896,1.44E-10,0.199938,241.977,6.00248,-0.381,N,SAM 2021.12.02,11/16/2022
Amerisolar-Worldwide Energy and Manufacturing USA Co. Ltd AS-6M144-HC-450W,Amerisolar-Worldwide Energy and Manufacturing USA Co. Ltd,Mono-c-Si,0,450.432,416.1,2.12,,,72,11.47,50,10.88,41.4,0.0063085,-0.1395,46,1.94134,11.4732,7.45E-11,0.247129,885.883,13.024,-0.38,N,SAM 2021.12.02,11/16/2022
Andalay Solar ST-175-1AC1-A-A,Andalay Solar,Mono-c-Si,0,174.24,157.5,1.277,1.58,0.808,72,5.2,44.2,4.95,35.2,0.002288,-0.142324,46.4,1.7788,5.25463,8.45E-11,0.765424,1530.63,5.38937,-0.435,N,SAM 2021.12.02,11/16/2022
Andalay Solar ST-175-1AC3-B-A,Andalay Solar,Mono-c-Si,0,174.24,157.5,1.277,1.58,0.808,72,5.2,44.2,4.95,35.2,0.002288,-0.142324,46.4,1.7788,5.25463,8.45E-11,0.765424,1530.63,5.38937,-0.435,N,SAM 2021.12.02,11/16/2022
Andalay Solar ST-185-1AC1-A-A,Andalay Solar,Mono-c-Si,0,185.276,167.2,1.277,1.58,0.808,72,5.43,45,5.09,36.4,0.0029865,-0.1467,45.8,1.85551,5.43546,1.57E-10,0.61443,611.534,9.02638,-0.436,N,SAM 2021.12.02,11/16/2022
Andalay Solar ST-185-1AC1-A-B,Andalay Solar,Mono-c-Si,0,185.276,167.2,1.277,1.58,0.808,72,5.43,45,5.09,36.4,0.0029865,-0.1467,45.8,1.85551,5.43546,1.57E-10,0.61443,611.534,9.02638,-0.436,N,SAM 2021.12.02,11/16/2022
Andalay Solar ST-185-1AC3-B-A,Andalay Solar,Mono-c-Si,0,185.276,167.2,1.277,1.58,0.808,72,5.43,45,5.09,36.4,0.0029865,-0.1467,45.8,1.85551,5.43546,1.57E-10,0.61443,611.534,9.02638,-0.436,N,SAM 2021.12.02,11/16/2022
Andalay Solar ST-185-1AC3-B-B,Andalay Solar,Mono-c-Si,0,185.276,167.2,1.277,1.58,0.808,72,5.43,45,5.09,36.4,0.0029865,-0.1467,45.8,1.85551,5.43546,1.57E-10,0.61443,611.534,9.02638,-0.436,N,SAM 2021.12.02,11/16/2022
Andalay Solar ST-190-1AC1-A-B,Andalay Solar,Mono-c-Si,0,190.32,171.8,1.277,1.58,0.808,72,5.62,45.2,5.2,36.6,0.003091,-0.147352,45.8,1.87896,5.6323,1.95E-10,0.585629,267.63,10.676,-0.436,N,SAM 2021.12.02,11/16/2022
Andalay Solar ST-190-1AC3-B-B,Andalay Solar,Mono-c-Si,0,190.32,171.8,1.277,1.58,0.808,72,5.62,45.2,5.2,36.6,0.003091,-0.147352,45.8,1.87896,5.6323,1.95E-10,0.585629,267.63,10.676,-0.436,N,SAM 2021.12.02,11/16/2022
Anhui Rinengzhongtian Semiconductor Development QJM225-60,Anhui Rinengzhongtian Semiconductor Development,Mono-c-Si,0,224.96,202.2,1.627,1.64,0.992,60,8.13,36.41,7.6,29.6,0.00270461,-0.119075,45.2,1.52658,8.13928,3.51E-10,0.303753,266.124,12.4913,-0.46817,N,SAM 2021.12.02,11/16/2022
Anhui Rinengzhongtian Semiconductor Development QJP270-72,Anhui Rinengzhongtian Semiconductor Development,Multi-c-Si,0,270.045,240.8,1.94,1.956,0.992,72,8.57,42.4,7.65,35.3,0.0062561,-0.153064,46.9,1.92664,8.59235,2.21E-09,0.178344,68.3764,17.439,-0.462,N,SAM 2021.12.02,11/16/2022
Anhui Rinengzhongtian Semiconductor Development QJM275-60,Anhui Rinengzhongtian Semiconductor Development,Mono-c-Si,0,275.044,248.5,1.627,1.64,0.992,60,9.55,37.88,8.93,30.8,0.003177,-0.123883,45.2,1.5881,9.56065,4.11E-10,0.268404,240.642,12.477,-0.46817,N,SAM 2021.12.02,11/16/2022
Anhui Rinengzhongtian Semiconductor Development QJM275-72,Anhui Rinengzhongtian Semiconductor Development,Mono-c-Si,0,275.188,246.6,1.94,1.956,0.992,72,8.27,43.79,7.73,35.6,0.00348547,-0.148391,45.7,1.85308,8.27909,4.45E-10,0.354537,322.419,10.383,-0.46757,N,SAM 2021.12.02,11/16/2022
Anji Dasol Solar Energy Science & Technology DS-A4-230,Anji Dasol Solar Energy Science & Technology,Multi-c-Si,0,230.1,200.7,1.647,1.66,0.992,60,8.3,36.9,7.67,30,0.00721743,-0.142787,48.6,1.7075,8.31246,3.34E-09,0.259983,173.242,13.2712,-0.505325,N,SAM 2021.12.02,11/16/2022
Anji Technology AJP-S572-175,Anji Technology,Mono-c-Si,0,175.091,151.2,1.3,1.576,0.825,72,5.17,43.99,4.78,36.63,0.00214555,-0.159068,49.9,1.9817,5.1757,1.15E-09,0.316688,287.102,16.0571,-0.5072,N,SAM 2021.12.02,11/16/2022
Anji Technology AJP-S572-180,Anji Technology,Mono-c-Si,0,179.928,155.7,1.3,1.576,0.825,72,5.31,44.06,4.9,36.72,0.00220365,-0.159321,49.9,1.98841,5.31615,1.23E-09,0.299919,259.048,16.419,-0.5072,N,SAM 2021.12.02,11/16/2022
Anji Technology AJP-S572-185,Anji Technology,Mono-c-Si,0,184.702,160.2,1.3,1.576,0.825,72,5.43,44.14,5.03,36.72,0.00225345,-0.15961,49.9,1.98482,5.43568,1.16E-09,0.311962,298.423,15.6882,-0.5072,N,SAM 2021.12.02,11/16/2022
Anji Technology AJP-M660-220,Anji Technology,Multi-c-Si,0,219.876,189.1,1.624,1.632,0.995,60,7.95,36.06,7.3,30.12,0.0043566,-0.130681,50.2,1.67309,7.95906,3.34E-09,0.140393,123.168,21.8752,-0.5196,N,SAM 2021.12.02,11/16/2022
Anji Technology AJP-M660-225,Anji Technology,Multi-c-Si,0,224.986,193.5,1.624,1.632,0.995,60,8.04,36.24,7.44,30.24,0.00440592,-0.131334,50.2,1.67178,8.04721,3.01E-09,0.14737,164.419,20.6984,-0.5196,N,SAM 2021.12.02,11/16/2022
Anji Technology AJP-M660-230,Anji Technology,Multi-c-Si,0,230.129,204.1,1.624,1.632,0.995,60,8.1,36.42,7.58,30.36,0.007857,-0.130748,46.4,1.68048,8.10361,3.10E-09,0.152058,340.985,21.5543,-0.493,N,SAM 2021.12.02,11/16/2022
Anji Technology AJP-M660-235,Anji Technology,Multi-c-Si,0,235.008,208.7,1.624,1.632,0.995,60,8.23,36.72,7.68,30.6,0.0079831,-0.131825,46.4,1.69698,8.23464,3.24E-09,0.151504,268.7,21.8719,-0.493,N,SAM 2021.12.02,11/16/2022
Anji Technology AJP-M660-240,Anji Technology,Multi-c-Si,0,240.538,213.3,1.624,1.632,0.995,60,8.32,36.84,7.83,30.72,0.0080704,-0.132256,46.4,1.69423,8.32177,2.98E-09,0.150077,706.266,20.8811,-0.493,N,SAM 2021.12.02,11/16/2022
Anji Technology AJP-M660-245,Anji Technology,Multi-c-Si,0,244.87,217.9,1.624,1.632,0.995,60,8.43,37.08,7.94,30.84,0.0081771,-0.133117,46.4,1.7018,8.43154,2.89E-09,0.161328,884.044,20.4483,-0.493,N,SAM 2021.12.02,11/16/2022
Anji Technology AJP-M660-250,Anji Technology,Multi-c-Si,0,250.054,222.4,1.624,1.632,0.995,60,8.5,37.32,8.03,31.14,0.008245,-0.133979,46.4,1.71293,8.50046,2.93E-09,0.147091,2699.27,20.4849,-0.493,N,SAM 2021.12.02,11/16/2022
APOS Energy AP130,APOS Energy,Multi-c-Si,0,129.133,115.4,1.023,1.5,0.682,36,7.86,22.07,7.43,17.38,0.0096678,-0.0653272,49.1,0.929494,7.9464,3.84E-10,0.272276,276.976,24.4793,-0.429,N,SAM 2021.12.02,11/16/2022
APOS Energy AP135,APOS Energy,Multi-c-Si,0,132.553,119.9,1.023,1.5,0.682,36,7.94,22.21,7.54,17.58,0.0097662,-0.0657416,49.1,0.935775,8.02293,3.93E-10,0.256967,583.032,24.6143,-0.429,N,SAM 2021.12.02,11/16/2022
APOS Energy AS135,APOS Energy,Mono-c-Si,0,135.267,120.9,1.023,1.5,0.682,36,8.34,22.19,7.69,17.59,0.0071724,-0.0639072,47.8,0.917431,8.36526,2.54E-10,0.250533,82.7206,23.7101,-0.425,N,SAM 2021.12.02,11/16/2022
APOS Energy AP140,APOS Energy,Multi-c-Si,0,137.882,124.5,1.023,1.5,0.682,36,8.05,22.39,7.69,17.93,0.0099015,-0.0662744,49.1,0.9507,8.21949,4.81E-10,0.221295,236.515,26.4655,-0.429,N,SAM 2021.12.02,11/16/2022
APOS Energy AS140,APOS Energy,Mono-c-Si,0,139.238,125.4,1.023,1.5,0.682,36,8.51,22.33,7.84,17.76,0.0073186,-0.0643104,47.8,0.925382,8.53595,2.73E-10,0.238169,78.1022,24.2698,-0.425,N,SAM 2021.12.02,11/16/2022
APOS Energy AS145,APOS Energy,Mono-c-Si,0,143.339,130,1.023,1.5,0.682,36,8.63,22.51,7.95,18.03,0.0074218,-0.0648288,47.8,0.936569,8.65476,3.05E-10,0.217872,75.9372,25.2378,-0.425,N,SAM 2021.12.02,11/16/2022
APOS Energy AP175,APOS Energy,Multi-c-Si,0,174.359,155.4,1.341,1.341,1,48,7.9,29.52,7.48,23.31,0.009717,-0.0873792,49.1,1.24405,7.98528,3.92E-10,0.352248,447.466,24.6453,-0.429,N,SAM 2021.12.02,11/16/2022
APOS Energy AP180,APOS Energy,Multi-c-Si,0,178.972,160,1.341,1.341,1,48,7.97,29.72,7.59,23.58,0.0098031,-0.0879712,49.1,1.25195,8.05069,3.94E-10,0.33381,2701.77,24.5891,-0.429,N,SAM 2021.12.02,11/16/2022
APOS Energy AS180,APOS Energy,Mono-c-Si,0,180.331,161.2,1.341,1.341,1,48,8.34,29.59,7.69,23.45,0.0071724,-0.0852192,47.8,1.2232,8.36531,2.53E-10,0.335002,110.395,23.6756,-0.425,N,SAM 2021.12.02,11/16/2022
APOS Energy AP185,APOS Energy,Multi-c-Si,0,183.791,164.5,1.341,1.341,1,48,8.05,29.86,7.69,23.9,0.0099015,-0.0883856,49.1,1.26754,8.21949,4.77E-10,0.296972,317.125,26.399,-0.429,N,SAM 2021.12.02,11/16/2022
APOS Energy AS185,APOS Energy,Mono-c-Si,0,185.651,165.8,1.341,1.341,1,48,8.51,29.78,7.84,23.68,0.0073186,-0.0857664,47.8,1.23396,8.536,2.73E-10,0.318431,104.227,24.2394,-0.425,N,SAM 2021.12.02,11/16/2022
Applied Materials Full Size Single Junction Version 1.0,Applied Materials,Thin Film,0,413.882,384.8,5.72,2.6,2.2,216,2.9,194.2,2.59,159.8,0.00232,-0.64086,44.8,7.44298,2.91514,1.25E-11,4.37503,838.153,-7.80604,-0.3,N,SAM 2021.12.02,11/16/2022
Applied Materials Full Size Tandem Junction,Applied Materials,Thin Film,0,466.56,420.2,5.72,2.6,2.2,216,2.6,280,2.16,216,0.002704,-1.1228,44.1,12.1548,2.65225,2.21E-10,13.2709,660.343,-3.84487,-0.368,N,SAM 2021.12.02,11/16/2022
Aptos Solar Technology LLC DNA-120-BF23-320W,Aptos Solar Technology LLC,Mono-c-Si,1,320.1,296.1,1.66,,,60,10.13,40.2,9.7,33,0.0046598,-0.11055,46.4,1.50273,10.2358,2.45E-11,0.268283,605.618,5.92269,-0.358,N,SAM 2021.12.02,11/16/2022
Aptos Solar Technology LLC DNA-144-MF10-535W,Aptos Solar Technology LLC,Mono-c-Si,0,534.702,501.3,2.56,,,72,13.79,49.3,13.17,40.6,0.0075845,-0.150858,43.7,1.87179,13.9363,5.03E-11,0.226352,375.771,-1.77114,-0.355,N,SAM 2021.12.02,11/16/2022
Aptos Solar Technology LLC DNA-144-MF10-540W,Aptos Solar Technology LLC,Mono-c-Si,0,540.089,506.1,2.56,,,72,13.85,49.4,13.27,40.7,0.0076175,-0.151164,43.7,1.87281,13.9933,4.87E-11,0.224488,648.124,-2.06259,-0.355,N,SAM 2021.12.02,11/16/2022
AU Optronics PM200M00_190,AU Optronics,Mono-c-Si,0,193.761,172.6,1.296,1.318,0.983,48,8.6,30.23,8.07,24.01,0.00673208,-0.0969476,45.1,1.24958,8.60724,2.66E-10,0.321152,381.696,11.128,-0.4301,N,SAM 2021.12.02,11/16/2022
AU Optronics PM200M00_195,AU Optronics,Mono-c-Si,0,198.901,177.3,1.296,1.318,0.983,48,8.68,30.29,8.26,24.08,0.0067947,-0.09714,45.1,1.24913,8.77005,2.57E-10,0.312591,844.194,10.6563,-0.4301,N,SAM 2021.12.02,11/16/2022
Auxin Solar AXNG1M410B,Auxin Solar,Mono-c-Si,0,410.31,382.8,1.96,,,72,10.32,49.5,9.7,42.3,0.0047472,-0.12771,45.1,1.86818,10.3262,3.14E-11,0.135946,226.909,15.2215,-0.347,N,SAM 2021.12.02,11/16/2022
Auxin Solar AXNG1M410W,Auxin Solar,Mono-c-Si,0,410.31,382.5,1.96,,,72,10.32,49.5,9.7,42.3,0.0044376,-0.13068,45.1,1.87343,10.3261,3.39E-11,0.134728,228.313,13.3007,-0.351,N,SAM 2021.12.02,11/16/2022
Auxin Solar AXNG1M415B,Auxin Solar,Mono-c-Si,0,415.044,387.6,1.96,,,72,10.35,49.9,9.72,42.7,0.004761,-0.128742,45.1,1.88544,10.3562,3.25E-11,0.129546,216.933,15.4984,-0.347,N,SAM 2021.12.02,11/16/2022
Auxin Solar AXNG1M415W,Auxin Solar,Mono-c-Si,0,415.044,387.3,1.96,,,72,10.35,49.9,9.72,42.7,0.0044505,-0.131736,45.1,1.89075,10.3561,3.50E-11,0.128313,218.207,13.5746,-0.351,N,SAM 2021.12.02,11/16/2022
Auxin Solar AXNG1M420W,Auxin Solar,Mono-c-Si,0,420.11,392.1,1.96,,,72,10.38,50.2,9.77,43,0.0044634,-0.132528,45.1,1.90079,10.3852,3.45E-11,0.124287,247.768,13.4196,-0.351,N,SAM 2021.12.02,11/16/2022
AXITEC AC-190M/125-72S,AXITEC,Mono-c-Si,0,190.165,170.6,1.277,1.58,0.808,72,5.51,45.23,5.21,36.5,0.00453473,-0.182277,45.8,1.99531,5.56927,7.88E-10,0.570333,761.452,-0.172513,-0.4669,N,SAM 2021.12.02,11/16/2022
AXITEC AC-195M/125-72S,AXITEC,Mono-c-Si,0,195.043,175.2,1.277,1.58,0.808,72,5.62,45.44,5.28,36.94,0.00462526,-0.183123,45.8,2.01091,5.62247,8.58E-10,0.50651,1153.25,0.421647,-0.4669,N,SAM 2021.12.02,11/16/2022
Bluesun Solar Energy Tech. Co.Ltd BSM375M-72,Bluesun Solar Energy Tech. Co.Ltd,Mono-c-Si,0,374.768,344.9,1.94,,,72,10.12,48.5,9.44,39.7,0.006578,-0.16199,44.9,1.99611,10.1337,2.78E-10,0.301522,222.282,5.84736,-0.413,N,SAM 2021.12.02,11/16/2022
Bluesun Solar Energy Tech. Co.Ltd BSM380M-72,Bluesun Solar Energy Tech. Co.Ltd,Mono-c-Si,0,380.8,349.6,1.94,,,72,10.22,48.7,9.52,40,0.006643,-0.162658,44.9,2.00994,10.2343,3.00E-10,0.282759,201.969,6.41715,-0.413,N,SAM 2021.12.02,11/16/2022
Bluesun Solar Energy Tech. Co.Ltd BSM385M-72,Bluesun Solar Energy Tech. Co.Ltd,Mono-c-Si,0,385.518,354.4,1.94,,,72,10.31,48.9,9.59,40.2,0.0067015,-0.163326,44.9,2.02096,10.3253,3.12E-10,0.276811,186.359,6.69178,-0.413,N,SAM 2021.12.02,11/16/2022
Boviet Solar Technology Co. Ltd. BVM6610P-250,Boviet Solar Technology Co. Ltd.,Multi-c-Si,0,250.131,225.6,1.627,1.64,0.992,60,8.85,37.5,8.31,30.1,0.0055047,-0.132337,45.4,1.58845,8.85594,4.91E-10,0.334927,498.955,5.97719,-0.4577,N,SAM 2021.12.02,11/16/2022
Boviet Solar Technology Co. Ltd. BVM6610P-255,Boviet Solar Technology Co. Ltd.,Multi-c-Si,0,255.19,231,1.61,1.626,0.99,60,9,37.4,8.45,30.2,0.006534,-0.120578,45.5,1.57158,9.0067,4.12E-10,0.307616,413.315,14.1899,-0.4426,N,SAM 2021.12.02,11/16/2022
Boviet Solar Technology Co. Ltd. BVM6610M-260,Boviet Solar Technology Co. Ltd.,Mono-c-Si,0,260.029,235.3,1.627,1.64,0.992,60,9.14,38.1,8.47,30.7,0.00378396,-0.136512,45.7,1.57647,9.15976,2.84E-10,0.325065,150.387,-0.0972985,-0.4436,N,SAM 2021.12.02,11/16/2022
Boviet Solar Technology Co. Ltd. BVM6610P-260,Boviet Solar Technology Co. Ltd.,Multi-c-Si,0,260.224,235.7,1.61,1.626,0.99,60,9.12,37.5,8.56,30.4,0.00662112,-0.1209,45.5,1.57962,9.12696,4.42E-10,0.287905,377.228,14.7208,-0.4426,N,SAM 2021.12.02,11/16/2022
BYD Company Limited BYD335P6K-36,BYD Company Limited,Multi-c-Si,0,335.03,307.6,1.94,,,72,9.39,47.28,8.97,37.35,0.00376539,-0.142549,46.1,1.77823,9.48753,2.68E-11,0.518894,1355.66,-2.07101,-0.3827,N,SAM 2021.12.02,11/16/2022
BYD Company Limited BYD340P6K-36,BYD Company Limited,Multi-c-Si,0,340.022,312.3,1.94,,,72,9.47,47.58,9.06,37.53,0.00379747,-0.143454,46.1,1.78674,9.56623,2.60E-11,0.524891,3289.82,-2.38829,-0.3827,N,SAM 2021.12.02,11/16/2022
Caterpillar Inc. PVT105,Caterpillar Inc.,Thin Film,0,105.09,97.4,0.72,1.2,0.6,216,1.74,86,1.55,67.8,0.0007482,-0.23048,47,3.07195,1.75696,1.12E-12,5.67656,582.348,-2.05975,-0.312,N,SAM 2021.12.02,11/16/2022
Caterpillar Inc. PVT105 ARC,Caterpillar Inc.,Thin Film,0,105.09,97.4,0.72,1.2,0.6,216,1.74,86,1.55,67.8,0.0007482,-0.23048,47,3.07195,1.75696,1.12E-12,5.67656,582.348,-2.05975,-0.312,N,SAM 2021.12.02,11/16/2022
Caterpillar Inc. PVT107,Caterpillar Inc.,Thin Film,0,107.702,99.7,0.72,1.2,0.6,216,1.75,86.6,1.57,68.6,0.0007525,-0.232088,47,3.08961,1.76462,1.10E-12,5.43025,650.17,-2.29162,-0.312,N,SAM 2021.12.02,11/16/2022
Centrosolar America EM72 350BW,Centrosolar America,Mono-c-Si,0,350.056,320.3,1.923,1.95,0.986,72,9.59,47.64,9.09,38.51,0.00470869,-0.141491,45.2,1.9021,9.59064,1.27E-10,0.383665,5766.98,12.4665,-0.421,N,SAM 2021.12.02,11/16/2022
Centrosolar America EM72 350SW,Centrosolar America,Mono-c-Si,0,350.056,320.3,1.923,1.95,0.986,72,9.59,47.64,9.09,38.51,0.00470869,-0.141491,45.2,1.9021,9.59064,1.27E-10,0.383665,5766.98,12.4665,-0.421,N,SAM 2021.12.02,11/16/2022
CertainTeed Apollo II - 67,CertainTeed,Mono-c-Si,0,67.64,60.9,0.42,,,14,9.34,9.4,8.9,7.6,0.0044832,-0.02585,48.5,0.355926,9.44116,3.17E-11,0.0815709,99.2189,8.84301,-0.373,Y,SAM 2021.12.02,11/16/2022
CertainTeed Apollo Tile II - 67,CertainTeed,Mono-c-Si,0,67.64,61.1,0.42,,,14,9.34,9.4,8.9,7.6,0.0044832,-0.02585,47.7,0.355926,9.44116,3.17E-11,0.0815709,99.2189,8.84301,-0.373,Y,SAM 2021.12.02,11/16/2022
Changzhou Nesl Solartech DJ-250DA/C-ST15,Changzhou Nesl Solartech,Mono-c-Si,0,249.898,226,1.634,1.65,0.99,60,8.79,38.07,8.14,30.7,0.00711111,-0.158143,45.8,1.65459,8.80643,8.73E-10,0.314496,168.287,-5.90067,-0.4416,N,SAM 2021.12.02,11/16/2022
Changzhou Nesl Solartech DJ-255D/C-ST15,Changzhou Nesl Solartech,Mono-c-Si,0,255.024,230.6,1.634,1.65,0.99,60,8.94,38.19,8.28,30.8,0.00723246,-0.158641,45.8,1.65978,8.95658,8.88E-10,0.309745,166.998,-5.90287,-0.4416,N,SAM 2021.12.02,11/16/2022
China Sunergy (Nanjing) CSUN170-72M,China Sunergy (Nanjing),Mono-c-Si,0,170.016,145.3,1.277,1.58,0.808,72,5.29,44.4,4.83,35.2,0.0014493,-0.166776,51,1.9563,5.30925,7.08E-10,0.743218,204.257,7.37673,-0.519441,N,SAM 2021.12.02,11/16/2022
China Sunergy (Nanjing) CSUN175-72M,China Sunergy (Nanjing),Mono-c-Si,0,175.088,156.5,1.277,1.58,0.808,72,5.34,44.5,4.96,35.3,0.00147779,-0.146661,45.8,1.84862,5.35102,1.84E-10,0.772085,374.066,9.69159,-0.474373,N,SAM 2021.12.02,11/16/2022
Chinaland Solar Energy HSE320-72P,Chinaland Solar Energy,Multi-c-Si,0,319.875,283.8,1.931,1.95,0.99,72,9.03,44.6,8.53,37.5,0.00291669,-0.162835,48.3,1.91186,9.03199,6.63E-10,0.161041,730.903,5.10819,-0.4735,N,SAM 2021.12.02,11/16/2022
Chinaland Solar Energy HSE325-72M,Chinaland Solar Energy,Mono-c-Si,0,325.182,293.9,1.931,1.95,0.99,72,9.14,45.9,8.58,37.9,0.00514582,-0.158217,46.1,1.93965,9.1462,4.77E-10,0.260225,383.436,8.06985,-0.445,N,SAM 2021.12.02,11/16/2022
Chint New Energy Technology Co. Ltd. CHSM72M(DG)/F-BH-515,Chint New Energy Technology Co. Ltd.,Mono-c-Si,1,514.983,477.1,2.48,,,72,13.28,48.9,12.53,41.1,0.0063744,-0.138876,45.6,1.89819,13.2875,8.50E-11,0.155425,274.24,11.0097,-0.375,N,SAM 2021.12.02,11/16/2022
Chint New Energy Technology Co. Ltd. CHSM72M(DG)/F-BH-520,Chint New Energy Technology Co. Ltd.,Mono-c-Si,1,520.38,481.9,2.48,,,72,13.32,49.1,12.6,41.3,0.0063936,-0.139444,45.6,1.90408,13.3257,8.34E-11,0.153086,355.091,10.7982,-0.375,N,SAM 2021.12.02,11/16/2022
CSI Solar Co. Ltd. CS7N-665MB-AG,CSI Solar Co. Ltd.,Mono-c-Si,1,665.28,619.6,3.07,,,66,18.51,45.6,17.28,38.5,0.0098103,-0.133608,43.7,1.82631,18.5264,2.59E-10,0.0858496,96.8831,14.5473,-0.39,N,SAM 2021.12.02,11/16/2022
CSI Solar Co. Ltd. CS7N-670MB-AG,CSI Solar Co. Ltd.,Mono-c-Si,1,670.284,624.4,3.07,,,66,18.55,45.8,17.32,38.7,0.0098315,-0.134194,43.7,1.83496,18.566,2.62E-10,0.0839754,97.5884,14.6289,-0.39,N,SAM 2021.12.02,11/16/2022
Dehui Solar Power (Vietnam) Co.Ltd DH-M860F 320W,Dehui Solar Power (Vietnam) Co.Ltd,Mono-c-Si,0,320.048,297.2,1.61,,,60,10.2,40.2,9.64,33.2,0.004386,-0.104922,45.4,1.50657,10.2071,2.60E-11,0.245768,354.828,12.2709,-0.361,N,SAM 2021.12.02,11/16/2022
Dehui Solar Power (Vietnam) Co.Ltd DH-M860F 325W,Dehui Solar Power (Vietnam) Co.Ltd,Mono-c-Si,0,325.285,302,1.61,,,60,10.25,40.4,9.71,33.5,0.0044075,-0.105444,45.4,1.51536,10.2551,2.68E-11,0.229942,459.046,12.4904,-0.361,N,SAM 2021.12.02,11/16/2022
Dehui Solar Power (Vietnam) Co.Ltd DH-M860W 325W,Dehui Solar Power (Vietnam) Co.Ltd,Mono-c-Si,0,325.248,300.6,1.59,,,60,10.3,40.4,9.68,33.6,0.004326,-0.106252,46.5,1.52983,10.3104,3.44E-11,0.214863,212.656,13.8892,-0.365,N,SAM 2021.12.02,11/16/2022
DEHUI SOLAR POWER INC. DH-72M-375W,DEHUI SOLAR POWER INC.,Mono-c-Si,0,375.2,343.3,1.92,,,72,9.65,50.1,9.38,40,0.0045355,-0.161322,46.3,1.96498,9.94797,8.36E-11,0.457257,816.379,0.00483367,-0.407,N,SAM 2021.12.02,11/16/2022
Du Pont Apollo DA095-A2,Du Pont Apollo,Thin Film,0,94.9,86.3,1.54,1.4,1.1,119,1.62,100,1.3,73,0.00131058,-0.3283,46.7,4.02287,1.68794,2.14E-11,11.9307,284.498,1.54132,-0.3514,N,SAM 2021.12.02,11/16/2022
Du Pont Apollo DA095-A6,Du Pont Apollo,Thin Film,0,94.9,89.5,1.54,1.4,1.1,119,1.62,100,1.3,73,0.00126282,-0.316147,46.1,3.48494,1.69585,4.59E-13,12.7828,273.003,-22.8374,-0.22912,N,SAM 2021.12.02,11/16/2022
DualSun SAS DualSun 440M-144-01,DualSun SAS,Mono-c-Si,0,440.34,413.3,2.16,,,72,11.33,49.6,10.74,41,0.0055517,-0.132928,43.9,1.81616,11.3362,1.55E-11,0.27759,507.095,3.83414,-0.334,N,SAM 2021.12.02,11/16/2022
DuCal Solar Technology LLC DST265M-60,DuCal Solar Technology LLC,Mono-c-Si,0,264.972,238.1,1.63,,,60,9.05,38.3,8.52,31.1,0.0057015,-0.135582,46.6,1.63143,9.05398,5.73E-10,0.284801,648.043,6.7779,-0.457,N,SAM 2021.12.02,11/16/2022
DuCal Solar Technology LLC DST270M-60,DuCal Solar Technology LLC,Mono-c-Si,0,269.806,242.7,1.63,,,60,9.17,38.5,8.62,31.3,0.0057771,-0.13629,46.6,1.64256,9.17519,6.02E-10,0.277209,489.702,7.09049,-0.457,N,SAM 2021.12.02,11/16/2022
DuCal Solar Technology LLC DST275M-60,DuCal Solar Technology LLC,Mono-c-Si,0,274.995,247.4,1.63,,,60,9.25,38.9,8.73,31.5,0.0058275,-0.137706,46.6,1.65189,9.25197,5.47E-10,0.295097,1386.69,6.17237,-0.457,N,SAM 2021.12.02,11/16/2022
EMMVEE Photovoltaic Power Private Ltd. E395M72,EMMVEE Photovoltaic Power Private Ltd.,Mono-c-Si,0,394.875,363.8,1.99,,,72,10.21,49.1,9.75,40.5,0.0054113,-0.134534,47,1.88321,10.3179,4.86E-11,0.292934,517.259,12.202,-0.372,N,SAM 2021.12.02,11/16/2022
Enp Sonne Solar Technikk ENP-M165MO,Enp Sonne Solar Technikk,Mono-c-Si,0,164.964,147.3,1.279,1.581,0.809,72,5.08,43.6,4.66,35.4,0.00239532,-0.165349,44.4,1.96099,5.09171,1.08E-09,0.538599,233.632,10.2076,-0.508731,N,SAM 2021.12.02,11/16/2022
Enp Sonne Solar Technikk ENP-M170MO,Enp Sonne Solar Technikk,Mono-c-Si,0,167.3,151.8,1.279,1.581,0.809,72,5.15,44.2,4.78,35,0.00242833,-0.167625,44.4,1.94264,5.15887,6.65E-10,0.765373,444.567,5.75489,-0.508731,N,SAM 2021.12.02,11/16/2022
Enphase Energy Inc. XACM-IQ7-LR6-60PB-300M,Enphase Energy Inc.,Mono-c-Si,0,300.12,273.2,1.58,,,60,9.81,40.1,9.15,32.8,0.0035316,-0.113884,48.2,1.55183,9.82698,5.74E-11,0.28304,163.493,10.3985,-0.391,N,SAM 2021.12.02,11/16/2022
Enphase Energy Inc. XACM-IQ7-LR6-60PB-305M,Enphase Energy Inc.,Mono-c-Si,0,304.92,278.9,1.58,,,60,9.94,40.2,9.24,33,0.0041748,-0.112158,48.8,1.53063,9.96042,3.79E-11,0.272171,132.499,8.51848,-0.368,N,SAM 2021.12.02,11/16/2022
Eoplly New Energy Technology EP125M/72-205W,Eoplly New Energy Technology,Mono-c-Si,0,206.834,182.4,1.277,1.58,0.808,72,5.92,46.21,5.52,37.47,0.003552,-0.166356,46.8,2.03662,5.9265,8.16E-10,0.512841,466.907,11.8825,-0.49,N,SAM 2021.12.02,11/16/2022
Eoplly New Energy Technology EP156P/60-225S AC,Eoplly New Energy Technology,Multi-c-Si,0,226.593,200.7,1.634,1.644,0.994,60,8.48,36.13,7.65,29.62,0.005088,-0.126455,46,1.61904,8.50682,1.63E-09,0.228081,72.1117,18.3891,-0.48,N,SAM 2021.12.02,11/16/2022
ET SOLAR POWER HONGKONG LIMITED ET-M772BH555TB,ET SOLAR POWER HONGKONG LIMITED,Mono-c-Si,1,554.878,519.5,2.56,,,72,14.07,50.1,13.18,42.1,0.0053466,-0.143787,43.4,1.92648,14.0839,6.99E-11,0.15418,156.208,7.77862,-0.372,N,SAM 2021.12.02,11/16/2022
ET SOLAR POWER HONGKONG LIMITED ET-M772BH555TW,ET SOLAR POWER HONGKONG LIMITED,Mono-c-Si,1,554.878,519.5,2.56,,,72,14.07,50.1,13.18,42.1,0.0053466,-0.143787,43.4,1.92648,14.0839,6.99E-11,0.15418,156.208,7.77862,-0.372,N,SAM 2021.12.02,11/16/2022
ET SOLAR POWER HONGKONG LIMITED ET-M772BH555WB,ET SOLAR POWER HONGKONG LIMITED,Mono-c-Si,0,554.878,519.7,2.56,,,72,14.07,50.1,13.18,42.1,0.0052059,-0.137775,43.6,1.90738,14.0845,5.39E-11,0.157387,152.919,10.1835,-0.366,N,SAM 2021.12.02,11/16/2022
ET SOLAR POWER HONGKONG LIMITED ET-M772BH555WW,ET SOLAR POWER HONGKONG LIMITED,Mono-c-Si,0,554.878,519.7,2.56,,,72,14.07,50.1,13.18,42.1,0.0052059,-0.137775,43.6,1.90738,14.0845,5.39E-11,0.157387,152.919,10.1835,-0.366,N,SAM 2021.12.02,11/16/2022
Exeltech AM24-1-B-6-0-00,Exeltech,Multi-c-Si,0,240.57,211.9,1.7,1.596,1.065,96,5.28,59.5,4.95,48.6,0.00214368,-0.213486,47.3,2.58701,5.28366,5.36E-10,0.673275,972.003,9.71601,-0.4929,N,SAM 2021.12.02,11/16/2022
First Solar Inc. FS-267,First Solar Inc.,Thin Film,0,67.41,64.8,0.72,1.2,0.6,116,1.18,87,1.05,64.2,0.00057466,-0.219066,45.9,2.51186,1.20162,9.90E-16,14.3636,783.981,-41.4906,-0.167233,N,SAM 2021.12.02,11/16/2022
Flextronics FXS-350BC-SBD1W,Flextronics,Multi-c-Si,0,340.308,311.4,1.96,1.976,0.992,72,9.29,47.79,8.83,38.54,0.00499802,-0.154266,43.5,1.98916,9.38818,3.43E-10,0.387353,688.548,12.2042,-0.4519,N,SAM 2021.12.02,11/16/2022
Freedom Forever Procurement LLC FF-MP-BBB-365,Freedom Forever Procurement LLC,Mono-c-Si,0,365.256,341,1.82,,,60,11.22,41.7,10.68,34.2,0.0075174,-0.117594,43.2,1.62637,11.3409,8.21E-11,0.241566,315.098,12.6838,-0.375,N,SAM 2021.12.02,11/16/2022
Freedom Forever Procurement LLC FF-MP-BBB-370,Freedom Forever Procurement LLC,Mono-c-Si,0,370.144,345.8,1.82,,,60,11.29,41.9,10.76,34.4,0.0075643,-0.118158,43.2,1.63401,11.4104,8.25E-11,0.237417,359.185,12.6675,-0.375,N,SAM 2021.12.02,11/16/2022
Freedom Forever Procurement LLC FF-MP-BBB-375,Freedom Forever Procurement LLC,Mono-c-Si,0,375.064,350.6,1.82,,,60,11.36,42.1,10.84,34.6,0.0076112,-0.118722,43.2,1.64164,11.48,8.29E-11,0.233328,416.798,12.6518,-0.375,N,SAM 2021.12.02,11/16/2022
FreeVolt ECP-PVGRAF-144HC-450W,FreeVolt,Mono-c-Si,0,450.432,416.1,2.12,,,72,11.47,50,10.88,41.4,0.0063085,-0.1395,46,1.94134,11.4732,7.45E-11,0.247129,885.883,13.024,-0.38,N,SAM 2021.12.02,11/16/2022
GAF RIAC 1000,GAF,Thin Film,0,150.072,139.2,1.086,1.656,0.656,100,3.45,62.5,3.12,48.1,0.000224595,-0.17875,47,2.06604,3.48345,2.37E-13,2.59349,267.512,-23.2594,-0.306,N,SAM 2021.12.02,11/16/2022
GCL System Integration Technology Co. Ltd. GCL-P6/60255,GCL System Integration Technology Co. Ltd.,Multi-c-Si,0,251.104,230.6,1.627,1.64,0.992,60,8.98,37.7,8.26,30.4,0.00413798,-0.119724,46.4,1.54287,9.00686,2.12E-10,0.329833,110.28,10.2784,-0.42929,N,SAM 2021.12.02,11/16/2022
GCL System Integration Technology Co. Ltd. GCL-P6/60260,GCL System Integration Technology Co. Ltd.,Multi-c-Si,0,256.428,235.3,1.627,1.64,0.992,60,9.09,37.9,8.38,30.6,0.00418867,-0.120359,46.4,1.55016,9.11484,2.12E-10,0.322268,117.932,10.1676,-0.42929,N,SAM 2021.12.02,11/16/2022
GermanSolar USA Inc. GS-400G1-72,GermanSolar USA Inc.,Mono-c-Si,0,400.876,373.1,1.97,,,72,10.29,49.9,9.73,41.2,0.0013377,-0.115768,46.2,1.73609,10.3001,3.34E-12,0.334106,341.911,7.2838,-0.33,N,SAM 2021.12.02,11/16/2022
Gintech Energy GTE 200M,Gintech Energy,Multi-c-Si,0,216.234,178.3,1.682,1.665,1.01,60,8.01,35.9,7.38,29.3,0.00338022,-0.132866,43.1,1.65666,8.02328,3.02E-09,0.246205,148.474,18.3575,-0.5417,N,SAM 2021.12.02,11/16/2022
Gintech Energy GTE 205M,Gintech Energy,Multi-c-Si,0,216.527,182.8,1.682,1.665,1.01,60,8.02,35.9,7.39,29.3,0.00338444,-0.132866,43.1,1.65654,8.03324,3.02E-09,0.245926,148.94,18.3436,-0.5417,N,SAM 2021.12.02,11/16/2022
Goldi Solar Private Limited GOLDI072F400PRC24,Goldi Solar Private Limited,Mono-c-Si,0,400.14,373.7,1.88,,,72,10.21,49.7,9.88,40.5,0.0027567,-0.117789,46.1,1.74171,10.4221,4.19E-12,0.384783,581.352,6.64562,-0.329,N,SAM 2021.12.02,11/16/2022
Goldi Solar Private Limited GOLDI072F400PRC24B,Goldi Solar Private Limited,Mono-c-Si,0,400.14,375.6,1.88,,,72,10.21,49.7,9.88,40.5,0.0028588,-0.118783,44.9,1.73572,10.4223,3.79E-12,0.386124,569.046,4.8857,-0.325,N,SAM 2021.12.02,11/16/2022
Grape Solar GS-P-160-EUG,Grape Solar,Multi-c-Si,0,160.071,143.4,1.313,1.324,0.992,48,7.6,28.6,6.87,23.3,0.003116,-0.086658,46.7,1.18823,7.63091,2.53E-10,0.253822,62.4134,18.9955,-0.435,N,SAM 2021.12.02,11/16/2022
Grape Solar GS-S-160-Fab8,Grape Solar,Mono-c-Si,0,159.728,143.3,1.277,1.58,0.808,72,4.85,43.84,4.53,35.26,0.002328,-0.131082,45.8,1.82427,4.85646,1.75E-10,0.713584,535.831,21.1461,-0.458,N,SAM 2021.12.02,11/16/2022
Guangdong Golden Glass Technologies GG275M2-36/1956x992,Guangdong Golden Glass Technologies,Multi-c-Si,0,275.12,247.3,1.94,1.956,0.992,72,8.2,44.3,7.6,36.2,0.003362,-0.134229,46.7,1.81632,8.21589,2.04E-10,0.351712,181.507,16.1425,-0.435,N,SAM 2021.12.02,11/16/2022
Guangdong Golden Glass Technologies GG280M2-36/1956x992,Guangdong Golden Glass Technologies,Multi-c-Si,0,280.28,252,1.94,1.956,0.992,72,8.28,44.5,7.7,36.4,0.0033948,-0.134835,46.7,1.82201,8.29364,2.00E-10,0.344831,209.306,15.8524,-0.435,N,SAM 2021.12.02,11/16/2022
HALEE Inc HST-61-E-FP,HALEE Inc,Mono-c-Si,0,61.56,52.2,0.41,,,14,8.6,9.5,8.1,7.6,0.002408,-0.024985,60.5,0.35595,8.60908,2.18E-11,0.102581,97.1137,11.5506,-0.387,Y,SAM 2021.12.02,11/16/2022
Hanersun Technology Co. Ltd. CP17-60HB340W,Hanersun Technology Co. Ltd.,Mono-c-Si,0,340.275,318.5,1.82,,,60,10.99,39.6,10.47,32.5,0.0047257,-0.115236,43.1,1.46844,10.9905,2.13E-11,0.248688,5388.54,-1.61243,-0.353,N,SAM 2021.12.02,11/16/2022
Hanersun Technology Co. Ltd. CP17-60HB345W,Hanersun Technology Co. Ltd.,Mono-c-Si,0,345.384,323.3,1.82,,,60,11.05,39.8,10.53,32.8,0.0047515,-0.115818,43.1,1.47882,11.0506,2.26E-11,0.233721,4634.24,-1.18174,-0.353,N,SAM 2021.12.02,11/16/2022
Hanersun Technology Co. Ltd. CP17-60HB350W,Hanersun Technology Co. Ltd.,Mono-c-Si,0,350.13,328.1,1.82,,,60,11.11,40.1,10.61,33,0.0047773,-0.116691,43.1,1.49411,11.2288,2.45E-11,0.236799,344.125,-0.619256,-0.353,N,SAM 2021.12.02,11/16/2022
Hanersun Technology Co. Ltd. CP17-60HB355W,Hanersun Technology Co. Ltd.,Mono-c-Si,0,354.978,332.9,1.82,,,60,11.18,40.4,10.66,33.3,0.0048074,-0.117564,43.1,1.5008,11.1801,2.28E-11,0.233914,46926,-1.22325,-0.353,N,SAM 2021.12.02,11/16/2022
Hanersun Technology Co. Ltd. CP17-72HB410W,Hanersun Technology Co. Ltd.,Mono-c-Si,0,410.405,384.2,2.17,,,72,10.96,48,10.39,39.5,0.0047128,-0.13968,43.1,1.78691,10.9652,2.35E-11,0.290303,614.379,-0.797378,-0.353,N,SAM 2021.12.02,11/16/2022
Hanersun Technology Co. Ltd. CP17-72HB415W,Hanersun Technology Co. Ltd.,Mono-c-Si,0,415.262,389,2.17,,,72,11.03,48.2,10.46,39.7,0.0047429,-0.140262,43.1,1.79487,11.0349,2.38E-11,0.285775,644.2,-0.734522,-0.353,N,SAM 2021.12.02,11/16/2022
Hanersun Technology Co. Ltd. CP17-72HB420W,Hanersun Technology Co. Ltd.,Mono-c-Si,0,420.147,393.8,2.17,,,72,11.1,48.4,10.53,39.9,0.004773,-0.140844,43.1,1.80283,11.1046,2.42E-11,0.281308,676.699,-0.672146,-0.353,N,SAM 2021.12.02,11/16/2022
Hanersun Technology Co. Ltd. CP17-72HB425W,Hanersun Technology Co. Ltd.,Mono-c-Si,0,425.06,398.6,2.17,,,72,11.17,48.6,10.6,40.1,0.0048031,-0.141426,43.1,1.81078,11.1743,2.45E-11,0.276899,712.256,-0.610243,-0.353,N,SAM 2021.12.02,11/16/2022
Hanersun Technology Co. Ltd. CP17-72HB430W,Hanersun Technology Co. Ltd.,Mono-c-Si,0,430.001,403.4,2.17,,,72,11.24,48.8,10.67,40.3,0.0048332,-0.142008,43.1,1.81874,11.2441,2.49E-11,0.27255,751.322,-0.54881,-0.353,N,SAM 2021.12.02,11/16/2022
Hansol Technics Co. Ltd. HS240ME-V01,Hansol Technics Co. Ltd.,Multi-c-Si,0,240.279,214.4,1.601,1.63,0.982,60,8.31,37.7,7.93,30.3,0.004155,-0.12064,48.1,1.53869,8.39503,1.91E-10,0.36336,1581.56,8.99651,-0.44,N,SAM 2021.12.02,11/16/2022
Hansol Technics Co. Ltd. HS245ME-V01,Hansol Technics Co. Ltd.,Multi-c-Si,0,245.328,219,1.601,1.63,0.982,60,8.44,37.8,8.07,30.4,0.00422,-0.12096,48.1,1.54167,8.52466,1.91E-10,0.35589,11709.4,8.85452,-0.44,N,SAM 2021.12.02,11/16/2022
Hansol Technics Co. Ltd. HS250ME-V01,Hansol Technics Co. Ltd.,Multi-c-Si,0,250.1,223.6,1.601,1.63,0.982,60,8.57,37.9,8.2,30.5,0.004285,-0.12128,48.1,1.55354,8.75084,2.20E-10,0.345039,351.256,9.88331,-0.44,N,SAM 2021.12.02,11/16/2022
Hansol Technics Co. Ltd. HS430UE-JH2,Hansol Technics Co. Ltd.,Mono-c-Si,0,430.127,404.7,2.09,,,78,9.97,53.4,9.29,46.3,0.0042871,-0.148452,42.5,2.05487,9.97373,5.00E-11,0.0629571,168.441,11.3458,-0.352,N,SAM 2021.12.02,11/16/2022
Hansol Technics Co. Ltd. HS435UE-JH2,Hansol Technics Co. Ltd.,Mono-c-Si,0,435.24,409.5,2.09,,,78,10.04,53.6,9.36,46.5,0.0043172,-0.149008,42.5,2.06259,10.0435,5.04E-11,0.059715,170.908,11.3509,-0.352,N,SAM 2021.12.02,11/16/2022
Hanwha Q CELLS Q.PRO-G3 240,Hanwha Q CELLS,Multi-c-Si,0,242.474,217.8,1.653,1.663,0.994,60,8.76,37.35,8.2,29.57,0.003504,-0.11952,44.8,1.50579,8.77149,1.46E-10,0.412593,314.561,6.43177,-0.44,N,SAM 2021.12.02,11/16/2022
Hanwha Q CELLS Q.PRO BFR - G3 245,Hanwha Q CELLS,Multi-c-Si,0,247.354,222.5,1.653,1.663,0.994,60,8.85,37.56,8.32,29.73,0.00354,-0.120192,44.8,1.51055,8.8568,1.40E-10,0.411347,535.633,5.93856,-0.44,N,SAM 2021.12.02,11/16/2022
Heliene 144HC-520 M10 Bifacial,Heliene,Mono-c-Si,1,520.832,489.6,2.51,,,72,13.28,48.7,12.52,41.6,0.0058432,-0.123211,43.8,1.78742,13.2878,1.92E-11,0.114618,195.85,10.63,-0.327,N,SAM 2021.12.02,11/16/2022
Heliene 144HC-530 M10 Bifacial,Heliene,Mono-c-Si,1,529.616,499.2,2.51,,,72,13.37,49.7,12.64,41.9,0.0058828,-0.125741,43.8,1.80969,13.3787,1.56E-11,0.166804,257.626,8.71599,-0.327,N,SAM 2021.12.02,11/16/2022
Heliene 144HC-540 M10 Bifacial,Heliene,Mono-c-Si,1,540.171,508.9,2.51,,,72,13.5,50.2,12.77,42.3,0.00594,-0.127006,43.8,1.82693,13.5084,1.55E-11,0.168858,271.092,8.58995,-0.327,N,SAM 2021.12.02,11/16/2022
Helios USA 6TA,Helios USA,Mono-c-Si,0,255.008,229.6,1.663,1.68,0.99,60,8.86,37.5,8.32,30.65,0.0094802,-0.14025,46.1,1.66726,8.86413,1.50E-09,0.24106,517.717,8.93487,-0.451,N,SAM 2021.12.02,11/16/2022
Hengdian Group DMEGC Magnetics DM175-M125-72,Hengdian Group DMEGC Magnetics,Mono-c-Si,0,175.42,154.2,1.229,1.56,0.788,72,5.23,44.7,4.9,35.8,0.002615,-0.16539,46.9,1.97207,5.23342,7.43E-10,0.662139,1012.97,9.19939,-0.51,N,SAM 2021.12.02,11/16/2022
Hengdian Group DMEGC Magnetics DM180-M125-72,Hengdian Group DMEGC Magnetics,Mono-c-Si,0,180,158.7,1.229,1.56,0.788,72,5.29,44.8,5,36,0.002645,-0.16576,46.9,1.98104,5.347,7.99E-10,0.621084,809.139,9.65754,-0.51,N,SAM 2021.12.02,11/16/2022
Hengdian Group DMEGC Magnetics DM185-M125-72,Hengdian Group DMEGC Magnetics,Mono-c-Si,0,185.276,163.3,1.229,1.56,0.788,72,5.43,45,5.09,36.4,0.002715,-0.1665,46.9,1.99674,5.43329,8.78E-10,0.557732,920.542,10.3539,-0.51,N,SAM 2021.12.02,11/16/2022
Hengdian Group DMEGC Magnetics DM190-M125-72,Hengdian Group DMEGC Magnetics,Mono-c-Si,0,189.954,167.9,1.229,1.56,0.788,72,5.56,45.2,5.19,36.6,0.00278,-0.16724,46.9,2.01207,5.56531,9.62E-10,0.537182,562.324,10.9736,-0.51,N,SAM 2021.12.02,11/16/2022
Hyperion Solar HY-WH144P8-550,Hyperion Solar,Mono-c-Si,0,550.62,510.7,2.58,,,72,14,49.9,13.11,42,0.00994,-0.148702,44,2.04593,14.0101,3.51E-10,0.12742,177.128,17.8052,-0.399,N,SAM 2021.12.02,11/16/2022
Hyperion Solar HY-WH144P8-550-B [Blk],Hyperion Solar,Mono-c-Si,0,550.62,510.7,2.58,,,72,14,49.9,13.11,42,0.00994,-0.148702,44,2.04593,14.0101,3.51E-10,0.12742,177.128,17.8052,-0.399,N,SAM 2021.12.02,11/16/2022
Hyperion Solar HY-WH144P8-550-b [Wht],Hyperion Solar,Mono-c-Si,0,550.62,510.7,2.58,,,72,14,49.9,13.11,42,0.00994,-0.148702,44,2.04593,14.0101,3.51E-10,0.12742,177.128,17.8052,-0.399,N,SAM 2021.12.02,11/16/2022
HYUNDAI ENERGY SOLUTIONS CO. LTD. HiS-M191SF,HYUNDAI ENERGY SOLUTIONS CO. LTD.,Multi-c-Si,0,191.99,172.6,1.451,1.476,0.983,54,8,33,7.3,26.3,0.00312,-0.10956,43.6,1.40781,8.03085,5.07E-10,0.356818,92.5417,14.299,-0.477,N,SAM 2021.12.02,11/16/2022
HYUNDAI ENERGY SOLUTIONS CO. LTD. HiS-M194SF,HYUNDAI ENERGY SOLUTIONS CO. LTD.,Multi-c-Si,0,192.72,175.4,1.451,1.476,0.983,54,8,33.1,7.3,26.4,0.00312,-0.109892,43.6,1.41273,8.0306,5.12E-10,0.354579,92.6928,14.3998,-0.477,N,SAM 2021.12.02,11/16/2022
HYUNDAI ENERGY SOLUTIONS CO. LTD. HiS-M197SF,HYUNDAI ENERGY SOLUTIONS CO. LTD.,Multi-c-Si,0,196.84,178.2,1.451,1.476,0.983,54,8.1,33.3,7.4,26.6,0.003159,-0.110556,43.6,1.42156,8.12948,5.22E-10,0.345863,95.0219,14.4512,-0.477,N,SAM 2021.12.02,11/16/2022
JA Solar JAM72D30-540/MB,JA Solar,Mono-c-Si,1,539.552,506.8,2.52,,,72,13.86,49.6,12.97,41.6,0.0054054,-0.129456,44.8,1.81001,13.8783,1.70E-11,0.178458,135.525,5.89125,-0.33,N,SAM 2021.12.02,11/16/2022
JA Solar JAM72D30-545/MB,JA Solar,Mono-c-Si,1,545.072,511.6,2.52,,,72,13.93,49.8,13.04,41.8,0.0054327,-0.129978,44.8,1.81769,13.9478,1.72E-11,0.17548,137.28,5.94256,-0.33,N,SAM 2021.12.02,11/16/2022
Japan Solar (Infini Co. Ltd.) JS-250U-PI60,Japan Solar (Infini Co. Ltd.),Multi-c-Si,0,250.66,223.7,1.63,,,60,8.7,37.8,8.3,30.2,0.005916,-0.135324,48.1,1.56647,8.78793,2.91E-10,0.366517,3446.6,0.108533,-0.435,N,SAM 2021.12.02,11/16/2022
Japan Solar (Infini Co. Ltd.) JS-255U-PI60,Japan Solar (Infini Co. Ltd.),Multi-c-Si,0,255.968,228.4,1.63,,,60,8.8,37.9,8.42,30.4,0.005984,-0.135682,48.1,1.57961,8.98478,3.38E-10,0.342955,389.78,1.1861,-0.435,N,SAM 2021.12.02,11/16/2022
Jetion Solar (China) Co.Ltd. JT375SAh(1500),Jetion Solar (China) Co.Ltd.,Mono-c-Si,0,375.066,346.9,1.94,,,72,9.93,48.1,9.33,40.2,0.0047664,-0.131313,46.4,1.82728,9.93943,3.61E-11,0.24083,253.504,10.3654,-0.358,N,SAM 2021.12.02,11/16/2022
Jetion Solar (China) Co.Ltd. JT380SAh(1500),Jetion Solar (China) Co.Ltd.,Mono-c-Si,0,380.295,351.7,1.94,,,72,9.99,48.4,9.39,40.5,0.0047952,-0.132132,46.4,1.83946,9.99907,3.67E-11,0.23489,258.603,10.4677,-0.358,N,SAM 2021.12.02,11/16/2022
Jiangsu Runergy New Energy Technology Co. Ltd HY-DH108P8-390,Jiangsu Runergy New Energy Technology Co. Ltd,Mono-c-Si,0,389.538,363.7,1.69,,,54,13.61,36.9,12.73,30.6,0.0076216,-0.113283,43.7,1.47984,13.6251,1.98E-10,0.142381,128.52,9.5661,-0.396,N,SAM 2021.12.02,11/16/2022
Jiangsu Runergy New Energy Technology Co. Ltd HY-WH108P8-390,Jiangsu Runergy New Energy Technology Co. Ltd,Mono-c-Si,0,389.538,363,1.69,,,54,13.61,36.9,12.73,30.6,0.0096631,-0.109962,44,1.50163,13.6241,2.84E-10,0.138712,133.504,16.0701,-0.399,N,SAM 2021.12.02,11/16/2022
Jiangsu Runergy New Energy Technology Co. Ltd HY-DH108P8-395,Jiangsu Runergy New Energy Technology Co. Ltd,Mono-c-Si,0,394.548,368.5,1.69,,,54,13.7,37,12.81,30.8,0.007672,-0.11359,43.7,1.48727,13.7145,2.11E-10,0.131137,123.844,10.0692,-0.396,N,SAM 2021.12.02,11/16/2022
Jinko Solar Co. Ltd JKM400M-72L-V,Jinko Solar Co. Ltd,Mono-c-Si,0,400.32,368.6,1.92,,,72,10.36,49.8,9.6,41.7,0.00518,-0.1494,45.5,2.01651,10.3745,1.89E-10,0.202172,144.742,14.3289,-0.402,N,SAM 2021.12.02,11/16/2022
Jinko Solar Co. Ltd JKMS400M-72L-TI,Jinko Solar Co. Ltd,Mono-c-Si,0,400.32,368.2,1.92,,,72,10.36,49.8,9.6,41.7,0.0069412,-0.154878,45.6,2.06279,10.3732,3.29E-10,0.191759,150.054,15.0952,-0.406,N,SAM 2021.12.02,11/16/2022
Jinko Solar Co. Ltd JKMS400M-72L-V-TI,Jinko Solar Co. Ltd,Mono-c-Si,0,400.32,368.6,1.92,,,72,10.36,49.8,9.6,41.7,0.00518,-0.1494,45.5,2.01651,10.3745,1.89E-10,0.202172,144.742,14.3289,-0.402,N,SAM 2021.12.02,11/16/2022
Jinzhou Jinmao Photovoltaic Technology JMPV-5M/36-85,Jinzhou Jinmao Photovoltaic Technology,Mono-c-Si,0,84.9446,74.1,0.664,1.199,0.554,36,5.08,22,4.81,17.66,0.0018796,-0.091608,46.1,1.01029,5.13275,1.78E-09,0.306244,803.88,4.42431,-0.5597,N,SAM 2021.12.02,11/16/2022
Jinzhou Jinmao Photovoltaic Technology JMPV-5M/36-90,Jinzhou Jinmao Photovoltaic Technology,Mono-c-Si,0,89.9697,78.6,0.664,1.199,0.554,36,5.29,22.2,4.99,18.03,0.0019573,-0.0924408,46.1,1.02953,5.34656,2.28E-09,0.245741,358.556,6.22247,-0.5597,N,SAM 2021.12.02,11/16/2022
Juli New Energy JLS72M315WH(156),Juli New Energy,Mono-c-Si,0,315.464,279.8,1.94,1.956,0.992,72,8.95,46,8.39,37.6,0.0047435,-0.1679,47,2.02556,8.9557,1.22E-09,0.297263,466.454,10.2688,-0.493,N,SAM 2021.12.02,11/16/2022
Juli New Energy JLS72M320WH(156),Juli New Energy,Mono-c-Si,0,319.497,284.4,1.94,1.956,0.992,72,8.97,46.1,8.43,37.9,0.0047541,-0.168265,47,2.0339,8.97396,1.28E-09,0.267058,605.099,10.677,-0.493,N,SAM 2021.12.02,11/16/2022
KOSOL ENERGIE PVT. LTD. KE200,KOSOL ENERGIE PVT. LTD.,Multi-c-Si,0,201.799,181.5,1.31,,,48,8.64,29.6,8.17,24.7,0.0019872,-0.091464,45.9,1.1782,8.64346,1.05E-10,0.160915,401.632,7.68406,-0.423,N,SAM 2021.12.02,11/16/2022
KOSOL ENERGIE PVT. LTD. KE200P,KOSOL ENERGIE PVT. LTD.,Multi-c-Si,0,201.799,183.8,1.31,,,48,8.64,29.6,8.17,24.7,0.0028512,-0.080808,46.4,1.10816,8.6453,2.14E-11,0.179633,292.74,7.19176,-0.363,N,SAM 2021.12.02,11/16/2022
KOSOL ENERGIE PVT. LTD. KE205,KOSOL ENERGIE PVT. LTD.,Multi-c-Si,0,207,186.2,1.31,,,48,8.73,29.8,8.28,25,0.0020079,-0.092082,45.9,1.18763,8.73194,1.10E-10,0.142093,637.848,7.96642,-0.423,N,SAM 2021.12.02,11/16/2022
KOSOL ENERGIE PVT. LTD. KE205P,KOSOL ENERGIE PVT. LTD.,Multi-c-Si,0,206.67,188.5,1.31,,,48,8.77,29.9,8.3,24.9,0.0028941,-0.081627,46.4,1.11773,8.77501,2.09E-11,0.185828,325.387,6.85546,-0.363,N,SAM 2021.12.02,11/16/2022
La Solar LLC LS450BL,La Solar LLC,Mono-c-Si,0,450.18,421.1,2.19,,,72,11.53,49.6,10.98,41,0.0058803,-0.144832,44.1,1.8615,11.5311,3.09E-11,0.263144,2848.83,0.528929,-0.352,N,SAM 2021.12.02,11/16/2022
La Solar LLC LS450HC,La Solar LLC,Mono-c-Si,0,450.18,420.5,2.21,,,72,11.53,49.6,10.98,41,0.0056497,-0.185504,44.1,1.8929,11.5304,4.80E-11,0.256925,6939.03,-18.7493,-0.358,N,SAM 2021.12.02,11/16/2022
LDK Solar LDK-170D-24,LDK Solar,Mono-c-Si,0,168.504,152.7,1.281,1.586,0.808,72,5.42,44.5,4.76,35.4,0.00277873,-0.149787,46.2,1.90512,5.46539,3.56E-10,0.735768,87.8595,13.0355,-0.445,N,SAM 2021.12.02,11/16/2022
LDK Solar LDK-175D-24,LDK Solar,Mono-c-Si,0,174.833,157.3,1.281,1.586,0.808,72,5.43,44.7,4.87,35.9,0.00278385,-0.15046,46.2,1.89884,5.45944,3.04E-10,0.657798,121.341,11.5402,-0.445,N,SAM 2021.12.02,11/16/2022
LDK Solar LDK-180D-24,LDK Solar,Mono-c-Si,0,180.276,161.9,1.281,1.586,0.808,72,5.46,44.9,4.98,36.2,0.00279923,-0.151133,46.2,1.89173,5.47966,2.57E-10,0.627284,174.238,9.92678,-0.445,N,SAM 2021.12.02,11/16/2022
LG Electronics Inc. LG475N2W-E6,LG Electronics Inc.,Mono-c-Si,0,475.001,441.3,2.14,,,72,11.62,51,10.97,43.3,0.0031374,-0.13005,48.1,1.83783,11.6278,1.01E-11,0.170643,253.145,5.5897,-0.331,N,SAM 2021.12.02,11/16/2022
LG Electronics Inc. LG480N2W-E6,LG Electronics Inc.,Mono-c-Si,0,480.036,446.1,2.14,,,72,11.68,51.3,11.01,43.6,0.0031536,-0.130815,48.1,1.85102,11.6885,1.05E-11,0.165796,228.591,5.88811,-0.331,N,SAM 2021.12.02,11/16/2022
LIGHT&HOPE ENERGY CO.LTD. LHM72H-158M-395W,LIGHT&HOPE ENERGY CO.LTD.,Mono-c-Si,0,395.386,370.3,2.02,,,48,10.37,48.7,9.86,40.1,0.0050813,-0.133925,43.2,1.83635,10.5977,3.13E-11,0.299694,164.723,7.78565,-0.354,N,SAM 2021.12.02,11/16/2022
LONGi Green Energy Technology Co. Ltd. LR5-72HPH-555M,LONGi Green Energy Technology Co. Ltd.,Mono-c-Si,0,555.299,513.3,2.49,,,72,14.04,50,13.19,42.1,0.0053352,-0.141,46.6,1.92641,14.0512,7.36E-11,0.1465,184.204,10.1686,-0.375,N,SAM 2021.12.02,11/16/2022
LUMA Resources LRSS,LUMA Resources,Mono-c-Si,0,79.9504,72,0.5,1.321,0.339,16,9.89,10.43,9.34,8.56,0.0040549,-0.0279524,50.6,0.396882,9.89695,3.78E-11,0.0707513,100.638,12.9672,-0.378,Y,SAM 2021.12.02,11/16/2022
Luxor Solar LX-335M/156-72+,Luxor Solar,Mono-c-Si,0,335.104,300.6,1.94,1.96,0.99,72,9.23,46.15,8.96,37.4,0.00501189,-0.168447,46.2,1.98691,9.5126,7.74E-10,0.330952,1078.12,5.77751,-0.4781,N,SAM 2021.12.02,11/16/2022
Mage Solar POWERTEC Plus 240 / 6 PL US AC,Mage Solar,Multi-c-Si,0,240.35,216.8,1.637,1.655,0.989,60,8.48,37.26,7.87,30.54,0.0070384,-0.131528,45.3,1.62902,8.49173,9.65E-10,0.24588,177.744,12.125,-0.451,N,SAM 2021.12.02,11/16/2022
Mage Solar POWERTEC Plus 245 / 6 PL US AC,Mage Solar,Multi-c-Si,0,249.654,221.4,1.637,1.655,0.989,60,8.69,37.8,8.14,30.67,0.0072127,-0.133434,45.3,1.63347,8.69702,7.66E-10,0.290758,359.993,9.77573,-0.451,N,SAM 2021.12.02,11/16/2022
Mage Solar USA Powertec Plus 250/6 PL US AC,Mage Solar USA,Multi-c-Si,0,250.553,226,1.637,1.655,0.989,72,8.66,37.66,8.01,31.28,0.0071878,-0.13294,45.3,1.66314,8.67084,1.23E-09,0.181591,145.07,14.2039,-0.451,N,SAM 2021.12.02,11/16/2022
MAR SOLAR PANEL IMALATI VE ELEKTRIK URT. DAG. PRJ. HZ. SAN. VE TC. A.S. MS605PUL-260,MAR SOLAR PANEL IMALATI VE ELEKTRIK URT. DAG. PRJ. HZ. SAN. VE TC. A.S.,Multi-c-Si,0,260.51,235.5,1.63,,,60,8.72,38.53,8.39,31.05,0.00838864,-0.159399,45.8,1.66958,8.89643,8.43E-10,0.316043,2432.77,-6.06806,-0.4369,N,SAM 2021.12.02,11/16/2022
MAR SOLAR PANEL IMALATI VE ELEKTRIK URT. DAG. PRJ. HZ. SAN. VE TC. A.S. MS605PUL-265,MAR SOLAR PANEL IMALATI VE ELEKTRIK URT. DAG. PRJ. HZ. SAN. VE TC. A.S.,Multi-c-Si,0,265.898,240.2,1.63,,,60,8.75,38.72,8.46,31.43,0.0084175,-0.160185,45.8,1.68921,9.02055,9.92E-10,0.281244,468.029,-4.8967,-0.4369,N,SAM 2021.12.02,11/16/2022
Maxeon Solar Technologies Ltd. SPR-P5-545-UPP,Maxeon Solar Technologies Ltd.,Mono-c-Si,0,545.495,490.5,2.6,,,115,14.83,47.8,13.81,39.5,0.0068218,-0.142922,46.4,2.1144,15.1604,2.20E-09,0.14764,69.0497,35.7739,-0.493,N,SAM 2021.12.02,11/16/2022
Maxeon Solar Technologies Ltd. SPR-P5-550-UPP,Maxeon Solar Technologies Ltd.,Mono-c-Si,0,550.832,495.2,2.6,,,115,14.86,48,13.84,39.8,0.0068356,-0.14352,46.4,2.11474,15.0307,2.02E-09,0.139794,94.8365,34.8554,-0.493,N,SAM 2021.12.02,11/16/2022
Merlin Solar Technologies Inc. FXS 95-B,Merlin Solar Technologies Inc.,Mono-c-Si,0,95.58,83.8,0.75,,,24,8.46,15.1,8.1,11.8,0.0043146,-0.04681,51.3,0.591879,8.63929,7.12E-11,0.194708,181.822,3.69852,-0.413,N,SAM 2021.12.02,11/16/2022
Meyer Burger (Industries) GmbH Meyer Burger White 400W,Meyer Burger (Industries) GmbH,Mono-c-Si,0,401.1,380.7,1.77,,,60,11.1,44.7,10.5,38.2,0.003996,-0.104151,46.2,1.46232,11.1089,5.78E-13,0.163579,204.541,-8.55327,-0.247,N,SAM 2021.12.02,11/16/2022
Miasole FLEX-02 70N,Miasole,Thin Film,0,73.515,60.9,1.61,1.626,0.99,60,4.33,24.5,3.77,19.5,0.00020351,-0.084917,45.8,1.07665,4.36864,5.14E-10,0.490739,54.9907,15.7249,-0.5065,Y,SAM 2021.12.02,11/16/2022
Miasole MR-107,Miasole,Thin Film,0,110.386,97.1,1.079,1.61,0.67,44,6.79,24.9,5.69,19.4,-0.0002037,-0.089142,49.9,1.02448,6.91384,1.63E-10,0.431887,23.6798,-1.18959,-0.446,N,SAM 2021.12.02,11/16/2022
Mission Solar Energy LLC TXI10-455120BB,Mission Solar Energy LLC,Mono-c-Si,0,455.576,426.8,2.16,,,60,13.93,41.3,13.36,34.1,0.0075222,-0.112336,43.6,1.55045,14.0737,3.78E-11,0.182939,589.959,7.99309,-0.353,N,SAM 2021.12.02,11/16/2022
Mitrex M440-H1H,Mitrex,Mono-c-Si,1,440.544,409.8,2.15,,,72,11.15,49.5,10.59,41.6,0.0054635,-0.14751,44.1,1.92405,11.1524,7.45E-11,0.187162,865.948,6.0819,-0.376,N,SAM 2021.12.02,11/16/2022
Mitsubishi Electric PV-EE120MF5F,Mitsubishi Electric,Multi-c-Si,0,120.228,108.7,1.008,1.495,0.674,36,7.75,21.6,6.99,17.2,0.00495225,-0.0745416,43,0.947483,7.78819,9.22E-10,0.237256,48.1407,15.4346,-0.4741,N,SAM 2021.12.02,11/16/2022
Mitsubishi Electric PV-EE125MF5F,Mitsubishi Electric,Multi-c-Si,0,125.079,112.4,1.008,1.495,0.674,36,7.9,21.8,7.23,17.3,0.0033733,-0.0792866,43,0.963018,7.92616,1.12E-09,0.240691,72.6917,11.2809,-0.5098,N,SAM 2021.12.02,11/16/2022
Mitsubishi Electric PV-EE130MF5F,Mitsubishi Electric,Multi-c-Si,0,129.978,117,1.008,1.495,0.674,36,8.05,21.9,7.47,17.4,0.00343735,-0.0796503,43,0.959925,8.0641,9.76E-10,0.234494,133.9,9.7944,-0.5098,N,SAM 2021.12.02,11/16/2022
MSquare Energy Pty Ltd MSE-540W-M72H-M10,MSquare Energy Pty Ltd,Mono-c-Si,0,540.089,506.1,2.56,,,72,13.85,49.4,13.27,40.7,0.0076175,-0.151164,43.7,1.87281,13.9933,4.87E-11,0.224488,648.124,-2.06259,-0.355,N,SAM 2021.12.02,11/16/2022
MSquare Energy Pty Ltd MSE-545W-M72H-M10,MSquare Energy Pty Ltd,Mono-c-Si,0,545.088,510.9,2.56,,,72,13.94,49.5,13.36,40.8,0.007667,-0.15147,43.7,1.87675,14.084,4.92E-11,0.221983,683.861,-2.0443,-0.355,N,SAM 2021.12.02,11/16/2022
Mundra Solar PV Ltd. ASB-7-370,Mundra Solar PV Ltd.,Mono-c-Si,1,370.524,339.3,2.01,,,72,9.73,48.8,9.24,40.1,0.0060326,-0.137128,47.4,1.88575,9.7317,5.60E-11,0.322971,1852.68,11.0291,-0.373,N,SAM 2021.12.02,11/16/2022
Mundra Solar PV Ltd. ASB-7-375,Mundra Solar PV Ltd.,Mono-c-Si,1,376.932,346,2.01,,,72,9.76,48.8,9.33,40.4,0.0060512,-0.137128,47.4,1.89538,9.8619,6.44E-11,0.281483,645.202,12.197,-0.373,N,SAM 2021.12.02,11/16/2022
Mundra Solar PV Ltd. ASB-7-380,Mundra Solar PV Ltd.,Mono-c-Si,1,380.78,348.7,2.01,,,72,10.06,48.2,9.64,39.5,0.0062372,-0.135442,47.4,1.85975,10.1631,5.62E-11,0.318512,1316.18,10.6812,-0.373,N,SAM 2021.12.02,11/16/2022
Mundra Solar PV Ltd. ASB-7-385,Mundra Solar PV Ltd.,Mono-c-Si,1,386.678,353.5,2.01,,,72,10.11,48.9,9.74,39.7,0.0062682,-0.137409,47.4,1.88087,10.3198,5.24E-11,0.362845,564.172,9.94001,-0.373,N,SAM 2021.12.02,11/16/2022
New East Solar Energy (Cambodia) Co.Ltd. NESE295-60MV,New East Solar Energy (Cambodia) Co.Ltd.,Mono-c-Si,0,295.868,271.1,1.67,,,60,9.66,40.1,9.16,32.3,0.0049266,-0.111879,46.9,1.50989,9.66267,2.82E-11,0.355468,1286.05,5.98199,-0.368,N,SAM 2021.12.02,11/16/2022
New East Solar Energy (Cambodia) Co.Ltd. NESE300-60MV,New East Solar Energy (Cambodia) Co.Ltd.,Mono-c-Si,0,300.024,275.8,1.67,,,60,9.75,40.2,9.26,32.4,0.0049725,-0.112158,46.9,1.51293,9.75105,2.81E-11,0.350564,3248.83,5.88158,-0.368,N,SAM 2021.12.02,11/16/2022
Next Energy Alliance LLC NEA375M-72,Next Energy Alliance LLC,Mono-c-Si,0,374.768,344.9,1.94,,,72,10.12,48.5,9.44,39.7,0.006578,-0.16199,44.9,1.99611,10.1337,2.78E-10,0.301522,222.282,5.84736,-0.413,N,SAM 2021.12.02,11/16/2022
Next Energy Alliance LLC NEA380M-72,Next Energy Alliance LLC,Mono-c-Si,0,380.8,349.6,1.94,,,72,10.22,48.7,9.52,40,0.006643,-0.162658,44.9,2.00994,10.2343,3.00E-10,0.282759,201.969,6.41715,-0.413,N,SAM 2021.12.02,11/16/2022
Next Energy Alliance LLC NEA385M-72,Next Energy Alliance LLC,Mono-c-Si,0,385.518,354.4,1.94,,,72,10.31,48.9,9.59,40.2,0.0067015,-0.163326,44.9,2.02096,10.3253,3.12E-10,0.276811,186.359,6.69178,-0.413,N,SAM 2021.12.02,11/16/2022
ONYX SOLAR ENERGY S.L. ONYX G/G M06666,ONYX SOLAR ENERGY S.L.,Mono-c-Si,0,293.65,256.6,1.99,,,66,8.93,42,8.39,35,0.001786,-0.1386,49.3,1.74358,8.93563,3.04E-10,0.209059,331.479,9.53733,-0.46,Y,SAM 2021.12.02,11/16/2022
Orb Energy Private Limited Orb295M60-15,Orb Energy Private Limited,Mono-c-Si,0,294.705,272.8,1.58,,,60,9.56,41,8.85,33.3,0.0053536,-0.11316,45.9,1.57011,9.58541,4.22E-11,0.331611,124.785,10.8452,-0.364,N,SAM 2021.12.02,11/16/2022
Panasonic Corporation of North America EVPV400H,Panasonic Corporation of North America,Mono-c-Si,0,400.371,381.9,1.79,,,66,10.25,48.8,9.51,42.1,0.0037925,-0.111752,44,1.64079,10.2625,1.19E-12,0.13773,112.9,-0.372544,-0.257,N,SAM 2021.12.02,11/16/2022
Panasonic Corporation of North America EVPV410H,Panasonic Corporation of North America,Mono-c-Si,0,410.347,391.7,1.79,,,66,10.35,49,9.61,42.7,0.0038295,-0.11221,44,1.6546,10.3579,1.37E-12,0.0869782,113.778,0.692952,-0.257,N,SAM 2021.12.02,11/16/2022
PEIMAR SG160M,PEIMAR,Mono-c-Si,0,159.996,141.5,1.277,1.58,0.808,72,5.12,42.42,4.57,35.01,0.0027648,-0.155681,46.9,1.92657,5.13666,1.31E-09,0.374615,115.122,15.6145,-0.484,N,SAM 2021.12.02,11/16/2022
PEIMAR SG165M,PEIMAR,Mono-c-Si,0,164.964,146,1.277,1.58,0.808,72,5.22,42.5,4.66,35.4,0.0028188,-0.155975,46.9,1.94145,5.23315,1.51E-09,0.284836,113.08,16.8245,-0.484,N,SAM 2021.12.02,11/16/2022
Phono Solar Technology Co.Ltd. PS545M8GFH-24/TH,Phono Solar Technology Co.Ltd.,Mono-c-Si,0,545.652,507.3,2.5,,,48,13.86,49.6,13.18,41.4,0.0051282,-0.13392,44.5,1.89451,13.8625,5.89E-11,0.180133,980.248,13.108,-0.38,N,SAM 2021.12.02,11/16/2022
Phono Solar Technology Co.Ltd. PS550M6H-24/TH,Phono Solar Technology Co.Ltd.,Mono-c-Si,0,550.784,514.5,2.5,,,48,13.82,49.6,13.24,41.6,0.0074628,-0.135408,44.5,1.90288,14.2593,6.60E-11,0.158326,109.528,12.5602,-0.356,N,SAM 2021.12.02,11/16/2022
Phono Solar Technology Co.Ltd. PS550M8GFH-24/TH,Phono Solar Technology Co.Ltd.,Mono-c-Si,0,549.875,512.1,2.5,,,48,13.95,49.7,13.25,41.5,0.0051615,-0.13419,44.5,1.89989,13.9536,6.05E-11,0.17776,693.643,13.2965,-0.38,N,SAM 2021.12.02,11/16/2022
Prism Solar Technologies Inc. BN60-295,Prism Solar Technologies Inc.,Mono-c-Si,1,294.63,274.1,1.65,,,60,9.77,40.1,9.15,32.2,0.0042988,-0.111077,43.8,1.5188,9.78619,3.28E-11,0.364146,219.735,8.12293,-0.376,N,SAM 2021.12.02,11/16/2022
Prism Solar Technologies Inc. BN60-333BSTC,Prism Solar Technologies Inc.,Mono-c-Si,1,294.63,274.1,1.65,,,60,9.77,40.1,9.15,32.2,0.0042988,-0.111077,43.8,1.5188,9.78619,3.28E-11,0.364146,219.735,8.12293,-0.376,N,SAM 2021.12.02,11/16/2022
Prism Solar Technologies Inc. BN60-300,Prism Solar Technologies Inc.,Mono-c-Si,1,300.3,278.9,1.65,,,60,9.91,40.5,9.24,32.5,0.0043604,-0.112185,43.8,1.53696,9.9315,3.49E-11,0.365409,168.437,8.54687,-0.376,N,SAM 2021.12.02,11/16/2022
PT IDN SOLAR TECH NUSA120H-455MB,PT IDN SOLAR TECH,Mono-c-Si,0,455.576,426.8,2.16,,,60,13.93,41.3,13.36,34.1,0.0075222,-0.112336,43.6,1.55045,14.0737,3.78E-11,0.182939,589.959,7.99309,-0.353,N,SAM 2021.12.02,11/16/2022
PT IDN SOLAR TECH NUSA144H-455MB,PT IDN SOLAR TECH,Mono-c-Si,0,454.784,425.5,2.18,,,72,11.41,50.4,10.88,41.8,0.0076447,-0.142128,43.2,1.97552,11.5307,9.49E-11,0.237654,413.272,13.8583,-0.375,N,SAM 2021.12.02,11/16/2022
REC Solar REC205PE Q2,REC Solar,Multi-c-Si,0,205.248,181.5,1.65,1.665,0.991,60,8.1,35.5,7.45,27.55,0.000891,-0.11289,47.9,1.41321,8.13341,9.67E-11,0.517496,125.449,4.67796,-0.457,N,SAM 2021.12.02,11/16/2022
REC Solar REC205PE Q3,REC Solar,Multi-c-Si,0,205.248,181.5,1.65,1.665,0.991,60,8.1,35.5,7.45,27.55,0.000891,-0.11289,47.9,1.41321,8.13341,9.67E-11,0.517496,125.449,4.67796,-0.457,N,SAM 2021.12.02,11/16/2022
REC Solar REC210PE Q2,REC Solar,Multi-c-Si,0,210.268,186.1,1.65,1.665,0.991,60,8.2,35.9,7.55,27.85,0.000902,-0.114162,47.9,1.42799,8.23252,9.61E-11,0.51843,130.703,4.51724,-0.457,N,SAM 2021.12.02,11/16/2022
REC Solar REC210PE Q3,REC Solar,Multi-c-Si,0,210.268,186.1,1.65,1.665,0.991,60,8.2,35.9,7.55,27.85,0.000902,-0.114162,47.9,1.42799,8.23252,9.61E-11,0.51843,130.703,4.51724,-0.457,N,SAM 2021.12.02,11/16/2022
Risen Energy Co. Ltd. RSM120-8-605M,Risen Energy Co. Ltd.,Mono-c-Si,0,605.515,568.1,2.8,,,60,18.37,41.8,17.35,34.9,0.0071643,-0.091542,45.1,1.49031,18.3861,1.19E-11,0.127703,145.396,19.9315,-0.324,N,SAM 2021.12.02,11/16/2022
Risen Energy Co. Ltd. RSM120-8-610M,Risen Energy Co. Ltd.,Mono-c-Si,0,610.74,572.9,2.8,,,60,18.42,42,17.4,35.1,0.0071838,-0.09198,45.1,1.498,18.4358,1.21E-11,0.125808,146.808,20.0331,-0.324,N,SAM 2021.12.02,11/16/2022
RSI Holding RSI-6M-270M-60,RSI Holding,Mono-c-Si,0,269.874,244.9,1.61,1.626,0.99,60,9.39,38.3,8.46,31.9,0.00497219,-0.128045,45,1.67561,9.41355,1.04E-09,0.161965,64.5808,18.6979,-0.45395,N,SAM 2021.12.02,11/16/2022
Saatvik Green Energy (P) Limited SGE530-144MBHC,Saatvik Green Energy (P) Limited,Mono-c-Si,0,530.37,491.6,2.56,,,72,13.42,49.8,12.78,41.5,0.0064416,-0.14193,45.5,1.90711,13.421,6.12E-11,0.191633,2487.29,7.5848,-0.371,N,SAM 2021.12.02,11/16/2022
SANYO ELECTRIC CO LTD OF PANASONIC GROUP VBHN340SA17,SANYO ELECTRIC CO LTD OF PANASONIC GROUP,Mono-c-Si,0,340.29,321.3,1.6,,,96,6.13,71.3,5.7,59.7,0.001839,-0.17825,43.8,2.51301,6.14195,2.82E-12,0.635602,326.036,2.26752,-0.31,N,SAM 2021.12.02,11/16/2022
SANYO ELECTRIC CO LTD OF PANASONIC GROUP VBHN345SA17,SANYO ELECTRIC CO LTD OF PANASONIC GROUP,Mono-c-Si,0,346.176,326.2,1.6,,,96,6.18,71.6,5.76,60.1,0.001854,-0.179,43.8,2.52365,6.19064,2.85E-12,0.604295,351.104,2.28516,-0.31,N,SAM 2021.12.02,11/16/2022
SEG Solar Inc. SEG-BPB-255BB,SEG Solar Inc.,Multi-c-Si,0,255.024,232.3,1.64,,,60,8.79,37,8.28,30.8,0.00364785,-0.113516,47.3,1.43814,8.79648,5.82E-11,0.21693,294.16,3.06647,-0.3826,N,SAM 2021.12.02,11/16/2022
SEG Solar Inc. SEG-BPB-260BB,SEG Solar Inc.,Multi-c-Si,0,260.09,237,1.64,,,60,8.96,37.2,8.39,31,0.0037184,-0.11413,47.3,1.45157,8.96975,6.51E-11,0.20842,191.532,3.86615,-0.3826,N,SAM 2021.12.02,11/16/2022
SEG Solar Inc. SEG-BPB-260WB,SEG Solar Inc.,Multi-c-Si,0,260.09,237,1.64,,,60,8.96,37.2,8.39,31,0.00372736,-0.121123,45.8,1.50027,8.96843,1.50E-10,0.195842,208.083,4.61346,-0.4103,N,SAM 2021.12.02,11/16/2022
Solartech Power SPM235P,Solartech Power,Multi-c-Si,0,234.966,210,1.61,1.626,0.99,60,8.45,37.26,7.93,29.63,0.00487565,-0.132348,45.6,1.60973,8.45466,7.44E-10,0.379987,688.52,9.35654,-0.4883,N,SAM 2021.12.02,11/16/2022
Solartech Power SPM240P,Solartech Power,Multi-c-Si,0,239.946,214.6,1.61,1.626,0.99,60,8.57,37.38,8.06,29.77,0.00494489,-0.132774,45.6,1.61433,8.57276,7.51E-10,0.369339,1147.6,9.29775,-0.4883,N,SAM 2021.12.02,11/16/2022
Sonali Energees SS 270,Sonali Energees,Multi-c-Si,0,270,233.2,1.907,1.954,0.976,72,8.05,43.2,7.5,36,0.004508,-0.165888,48.5,2.03794,8.05446,4.92E-09,0.170843,308.568,18.4938,-0.545,N,SAM 2021.12.02,11/16/2022
Sonali Energees SS 280,Sonali Energees,Multi-c-Si,0,280.203,242.1,1.907,1.954,0.976,72,8.15,43.92,7.66,36.58,0.004564,-0.168653,48.5,2.05937,8.15178,4.43E-09,0.178497,819.557,17.3087,-0.545,N,SAM 2021.12.02,11/16/2022
Sonali Energees SS 290,Sonali Energees,Multi-c-Si,0,290.088,251.1,1.907,1.954,0.976,72,8.3,43.92,7.9,36.72,0.004648,-0.168653,48.5,2.05978,8.38392,4.59E-09,0.153702,1400.22,17.373,-0.545,N,SAM 2021.12.02,11/16/2022
Sunny International Power SPM-190PB203,Sunny International Power,Multi-c-Si,0,190.736,171.1,1.455,1.476,0.986,54,7.82,32.8,7.28,26.2,0.00654534,-0.115882,45.7,1.39891,7.83217,5.04E-10,0.349986,224.924,6.93955,-0.442,N,SAM 2021.12.02,11/16/2022
SunPower PL-SUNP-SPR-215,SunPower,Mono-c-Si,0,214.92,198.3,1.244,1.559,0.798,72,5.8,48.3,5.4,39.8,0.0020822,-0.134854,44.7,1.87559,5.81,3.70E-11,0.514452,298.34,13.0949,-0.3904,N,SAM 2021.12.02,11/16/2022
SunPower SPR-225E-BLK-D,SunPower,Mono-c-Si,0,225.09,205,1.244,1.559,0.798,72,5.87,48.5,5.49,41,0.00251823,-0.135655,49.2,1.86986,5.87549,3.11E-11,0.306804,328.135,11.1408,-0.3672,N,SAM 2021.12.02,11/16/2022
SunSpark Technology Inc. SST6L72M(H)-445,SunSpark Technology Inc.,Mono-c-Si,0,445.258,412.6,2.17,,,72,11.47,49.4,10.94,40.7,0.0067673,-0.149188,45.2,1.92806,11.5915,8.56E-11,0.260697,441.738,5.4212,-0.377,N,SAM 2021.12.02,11/16/2022
SunSpark Technology Inc. SST6L72M-445,SunSpark Technology Inc.,Mono-c-Si,0,445.258,412.6,2.17,,,72,11.47,49.4,10.94,40.7,0.0067673,-0.149188,45.2,1.92806,11.5915,8.56E-11,0.260697,441.738,5.4212,-0.377,N,SAM 2021.12.02,11/16/2022
SUNSTYLE AG / LTD SUNSTYLE M75,SUNSTYLE AG / LTD,Mono-c-Si,0,75,68.2,0.72,,,24,6.3,15.6,6,12.5,0.002079,-0.051168,43.3,0.625476,6.3663,9.32E-11,0.209472,403.915,2.81163,-0.438,Y,SAM 2021.12.02,11/16/2022
SUNSTYLE AG / LTD SUNSTYLE M80,SUNSTYLE AG / LTD,Mono-c-Si,0,80.64,72.8,0.72,,,24,6.6,15.7,6.4,12.6,0.002178,-0.051496,43.3,0.630277,6.80496,1.03E-10,0.193756,264.862,3.06623,-0.438,Y,SAM 2021.12.02,11/16/2022
Suntech Power STP170S-24/Ad+,Suntech Power,Mono-c-Si,0,170.016,151.4,1.277,1.58,0.808,72,5.14,43.8,4.83,35.2,0.0021588,-0.160746,45.3,1.89875,5.14242,4.90E-10,0.645032,1369.95,6.67439,-0.499,N,SAM 2021.12.02,11/16/2022
Suntech Power STP170S-24/Adb+,Suntech Power,Mono-c-Si,0,170.016,152.9,1.277,1.58,0.808,72,5.14,43.8,4.83,35.2,0.0022616,-0.141036,46.4,1.77542,5.14438,9.83E-11,0.697228,817.699,6.87941,-0.435,N,SAM 2021.12.02,11/16/2022
Suzhou Talesun Solar Technologies Co. Ltd. TP7F72M(H)-555,Suzhou Talesun Solar Technologies Co. Ltd.,Mono-c-Si,0,554.878,518,2.59,,,72,14.07,50.1,13.18,42.1,0.0071757,-0.139779,44.8,1.9204,14.0841,6.44E-11,0.155199,155.147,9.98544,-0.358,N,SAM 2021.12.02,11/16/2022
Tangshan Haitai New Energy Technology Co. Ltd. HTM430DMH3-72 (1500),Tangshan Haitai New Energy Technology Co. Ltd.,Mono-c-Si,0,429.872,400.2,1.97,,,72,11.25,48.7,10.72,40.1,0.0055125,-0.130029,46.2,1.80433,11.2507,2.13E-11,0.285527,4899.78,7.00297,-0.349,N,SAM 2021.12.02,11/16/2022
Tangshan Haitai New Energy Technology Co. Ltd. HTM430MH3-72 (1500),Tangshan Haitai New Energy Technology Co. Ltd.,Mono-c-Si,0,429.872,402.4,1.97,,,72,11.25,48.7,10.72,40.1,0.006075,-0.127594,45.1,1.79579,11.2508,1.88E-11,0.287269,3816.92,7.86156,-0.341,N,SAM 2021.12.02,11/16/2022
Trina Solar TSM-670DEG21C.20,Trina Solar,Mono-c-Si,1,671.055,632.8,3.08,,,66,18.55,46.3,17.43,38.5,0.006307,-0.106953,44.6,1.60651,18.5766,5.53E-12,0.155978,108.82,6.72645,-0.303,N,SAM 2021.12.02,11/16/2022
TSEC TS36-6P2-130,TSEC,Multi-c-Si,0,129.133,115.4,1.023,1.5,0.682,36,7.86,22.07,7.43,17.38,0.0096678,-0.0653272,49.1,0.929494,7.9464,3.84E-10,0.272276,276.976,24.4793,-0.429,N,SAM 2021.12.02,11/16/2022
TSEC TS36-6P3-130A,TSEC,Multi-c-Si,0,129.133,115.4,1.023,1.5,0.682,36,7.86,22.07,7.43,17.38,0.0096678,-0.0653272,49.1,0.929494,7.9464,3.84E-10,0.272276,276.976,24.4793,-0.429,N,SAM 2021.12.02,11/16/2022
Tynsolar TYNS62612315,Tynsolar,Mono-c-Si,0,315.058,281.6,1.951,1.961,0.995,72,8.89,45.22,8.58,36.72,0.00474015,-0.146694,47.9,1.87664,9.06974,3.10E-10,0.346641,3002.85,11.0503,-0.4485,N,SAM 2021.12.02,11/16/2022
U.S. Solar USS-QCMI2-36-130,U.S. Solar,Multi-c-Si,0,129.967,114.7,1.011,1.019,0.992,36,8.42,21.69,7.92,16.41,0.005052,-0.078084,46.7,0.924918,8.51357,5.52E-10,0.343869,312.066,5.23627,-0.5,N,SAM 2021.12.02,11/16/2022
U.S. Solar USS-QCMI2-36-135,U.S. Solar,Multi-c-Si,0,135.022,119.2,1.011,1.019,0.992,36,8.48,21.9,7.98,16.92,0.005088,-0.07884,46.7,0.945722,8.57549,7.44E-10,0.291614,233.642,7.75588,-0.5,N,SAM 2021.12.02,11/16/2022
Upsolar UP-M390M,Upsolar,Mono-c-Si,0,390.93,364.4,1.88,,,72,10.18,48.9,9.42,41.5,0.0043774,-0.130074,44.2,1.87776,10.1932,4.80E-11,0.161113,124.373,15.8538,-0.359,N,SAM 2021.12.02,11/16/2022
Upsolar UP-M395M,Upsolar,Mono-c-Si,0,395.955,369.2,1.88,,,72,10.25,49.1,9.45,41.9,0.0044075,-0.130606,44.2,1.89488,10.2621,5.48E-11,0.131493,110.965,17.0463,-0.359,N,SAM 2021.12.02,11/16/2022
Vietnam Sunergy Joint Stock Company VSUN295-60MM5BB,Vietnam Sunergy Joint Stock Company,Mono-c-Si,0,295.36,271.6,1.63,,,60,9.47,39,9.23,32,0.0057767,-0.117,44.8,1.55385,9.76049,1.22E-10,0.252666,696.342,10.7123,-0.4,N,SAM 2021.12.02,11/16/2022
VINA SOLAR TECHNOLOGY CO LTD VNS-60PX-5-265W-1.0,VINA SOLAR TECHNOLOGY CO LTD,Multi-c-Si,0,265.36,244.2,1.63,,,60,9.1,38.1,8.56,31,0.004732,-0.113919,44.9,1.47879,9.10896,5.81E-11,0.308934,313.683,5.33069,-0.383,N,SAM 2021.12.02,11/16/2022
VINA SOLAR TECHNOLOGY CO LTD VNS-60PX-5-265W-1.5,VINA SOLAR TECHNOLOGY CO LTD,Multi-c-Si,0,265.36,244.2,1.63,,,60,9.1,38.1,8.56,31,0.004732,-0.113919,44.9,1.47879,9.10896,5.81E-11,0.308934,313.683,5.33069,-0.383,N,SAM 2021.12.02,11/16/2022
WAAREE ENERGIES LIMITED Bi-57-545,WAAREE ENERGIES LIMITED,Mono-c-Si,1,545.538,511.6,2.55,,,72,13.9,49.8,13.02,41.9,0.004448,-0.124002,44.6,1.80486,13.917,1.41E-11,0.169632,138.726,9.43273,-0.332,N,SAM 2021.12.02,11/16/2022
Wanxiang New Energy WXS175S-US,Wanxiang New Energy,Mono-c-Si,0,174.979,157.6,1.167,1.52,0.768,72,5.5,43.6,4.9,35.71,0.00077,-0.14606,45.7,1.83298,5.52622,2.38E-10,0.484436,101.6,10.2742,-0.456,N,SAM 2021.12.02,11/16/2022
Wanxiang New Energy WXS180P-US,Wanxiang New Energy,Multi-c-Si,0,180.103,162.3,1.186,1.252,0.947,48,8.3,29.52,7.43,24.24,0.002241,-0.0956448,45.9,1.24418,8.33483,3.84E-10,0.206872,49.2977,14.45,-0.448,N,SAM 2021.12.02,11/16/2022
Wanxiang New Energy WXS190P-US,Wanxiang New Energy,Multi-c-Si,0,189.965,171.6,1.186,1.252,0.947,48,8.68,29.52,7.76,24.48,0.0023436,-0.0956448,45.9,1.25283,8.71035,4.72E-10,0.160881,46.0184,15.9547,-0.448,N,SAM 2021.12.02,11/16/2022
Wanxiang New Energy WXS205P-US,Wanxiang New Energy,Multi-c-Si,0,204.9,184.4,1.495,1.572,0.951,60,7.75,36.6,6.83,30,0.0020925,-0.118584,45.9,1.5572,7.79162,4.40E-10,0.279608,52.0629,16.402,-0.448,N,SAM 2021.12.02,11/16/2022
Wanxiang New Energy WXS215P-US,Wanxiang New Energy,Multi-c-Si,0,215.13,193.6,1.495,1.572,0.951,60,8.3,36.9,7.1,30.3,0.002241,-0.119556,45.9,1.60603,8.35721,7.69E-10,0.244441,35.4651,21.2104,-0.448,N,SAM 2021.12.02,11/16/2022
Westinghouse Solar WS-175-1AC1-A-A,Westinghouse Solar,Mono-c-Si,0,174.24,157.5,1.277,1.58,0.808,72,5.2,44.2,4.95,35.2,0.002288,-0.142324,46.4,1.7788,5.25463,8.45E-11,0.765424,1530.63,5.38937,-0.435,N,SAM 2021.12.02,11/16/2022
Westinghouse Solar WS-175-1AC3-B-A,Westinghouse Solar,Mono-c-Si,0,174.24,157.5,1.277,1.58,0.808,72,5.2,44.2,4.95,35.2,0.002288,-0.142324,46.4,1.7788,5.25463,8.45E-11,0.765424,1530.63,5.38937,-0.435,N,SAM 2021.12.02,11/16/2022
WINAICO WSP-335MX,WINAICO,Mono-c-Si,0,334.888,309.8,1.75,,,60,10.68,40.3,10.21,32.8,0.0044856,-0.115258,45.1,1.53588,10.792,4.31E-11,0.279629,585.424,6.17811,-0.381,N,SAM 2021.12.02,11/16/2022
WINAICO WSP-340MX,WINAICO,Mono-c-Si,0,340.515,314.6,1.75,,,60,10.74,40.6,10.35,32.9,0.0045108,-0.116116,45.1,1.54464,10.9631,4.18E-11,0.293637,442.286,5.78537,-0.381,N,SAM 2021.12.02,11/16/2022
Wuxi Suntech Power Co. Ltd STP255-20/Wfw,Wuxi Suntech Power Co. Ltd,Multi-c-Si,0,255.024,233.1,1.62,,,60,8.86,37.6,8.28,30.8,0.00470466,-0.120358,44,1.55832,8.87029,2.89E-10,0.261076,224.715,12.1563,-0.435,N,SAM 2021.12.02,11/16/2022
Wuxi Suntech Power Co. Ltd STP260-20/Wfw,Wuxi Suntech Power Co. Ltd,Multi-c-Si,0,260.178,237.8,1.62,,,60,8.98,37.7,8.42,30.9,0.00476838,-0.120678,44,1.56,8.98812,2.83E-10,0.25619,283.433,11.8345,-0.435,N,SAM 2021.12.02,11/16/2022
WYONE TRADING INC. SM365-M660NH-BB,WYONE TRADING INC.,Mono-c-Si,0,365.16,340.9,1.8,,,60,11.33,40.8,10.74,34,0.0054384,-0.107304,45.6,1.49675,11.336,1.63E-11,0.199699,379.35,6.27334,-0.334,N,SAM 2021.12.02,11/16/2022
WYONE TRADING INC. SM370-M660NH-BB,WYONE TRADING INC.,Mono-c-Si,0,370.044,345.7,1.8,,,60,11.42,41,10.82,34.2,0.0054816,-0.10783,45.6,1.5052,11.4263,1.67E-11,0.195522,352.587,6.44381,-0.334,N,SAM 2021.12.02,11/16/2022
Yingli Energy (China) YL455D-40d 1500V 1/2,Yingli Energy (China),Mono-c-Si,0,455.936,427.1,2.12,,,72,11.44,49.9,10.96,41.6,0.0041184,-0.12974,44.7,1.79772,11.5607,1.01E-11,0.244448,449.798,3.40527,-0.331,N,SAM 2021.12.02,11/16/2022
YOTTA ENERGY INC YSM-B435-06-72-1,YOTTA ENERGY INC,Mono-c-Si,1,435.114,402.9,2.17,,,72,11.16,49.8,10.51,41.4,0.00837,-0.148404,45.3,1.9857,11.1674,1.41E-10,0.225479,340.592,11.4061,-0.377,N,SAM 2021.12.02,11/16/2022
YOTTA ENERGY INC YSM-B440-06-72-1,YOTTA ENERGY INC,Mono-c-Si,1,440.128,407.7,2.17,,,72,11.22,50,10.58,41.6,0.008415,-0.149,45.3,1.99315,11.2265,1.41E-10,0.221682,383.898,11.3545,-0.377,N,SAM 2021.12.02,11/16/2022
Zebra Energy ZBR-310M,Zebra Energy,Mono-c-Si,0,310.002,280.4,1.937,1.957,0.99,72,9.06,45,8.47,36.6,0.00636012,-0.17001,46.3,1.90445,9.06978,4.88E-10,0.330345,305.886,-1.35844,-0.4328,N,SAM 2021.12.02,11/16/2022
Zhejiang Kingdom Solar Energy Technic KD-M160,Zhejiang Kingdom Solar Energy Technic,Mono-c-Si,0,159.934,141.7,1.277,1.58,0.808,72,5.02,43.6,4.49,35.62,0.00251,-0.14824,48.3,1.88353,5.04188,4.14E-10,0.52899,121.388,13.9671,-0.45,N,SAM 2021.12.02,11/16/2022
Zhejiang Trunsun Solar Co. Ltd. TSP255-60,Zhejiang Trunsun Solar Co. Ltd.,Multi-c-Si,0,255.052,229.3,1.635,1.65,0.991,60,8.72,38.59,8.18,31.18,0.0063656,-0.13275,46.5,1.64293,8.7266,5.44E-10,0.319769,422.434,9.66133,-0.45,N,SAM 2021.12.02,11/16/2022
Zhongshan Ruike New Energy Co Ltd RK-110,Zhongshan Ruike New Energy Co Ltd,CdTe,0,109.858,102.4,0.72,,,146,1.34,121.6,1.18,93.1,0.0007236,-0.396416,44.9,4.49627,1.35829,2.21E-12,12.8502,941.511,-13.3238,-0.33,N,SAM 2021.12.02,11/16/2022
ZNSHINE PV-TECH Co. Ltd. ZXM5-72-175/MS,ZNSHINE PV-TECH Co. Ltd.,Mono-c-Si,0,175.062,155.6,1.277,1.58,0.808,72,5.23,44.4,4.89,35.8,0.002615,-0.15984,47,1.89348,5.23558,3.38E-10,0.630054,590.975,5.3276,-0.47,N,SAM 2021.12.02,11/16/2022
ZNSHINE PV-TECH Co. Ltd. ZXM5-72-180/MS,ZNSHINE PV-TECH Co. Ltd.,Mono-c-Si,0,179.914,160.1,1.277,1.58,0.808,72,5.47,44.6,4.97,36.2,0.002735,-0.16056,47,1.94392,5.48844,5.66E-10,0.541266,160.544,9.51666,-0.47,N,SAM 2021.12.02,11/16/2022
ZNSHINE PV-TECH Co. Ltd. ZXM5-72-185/MS,ZNSHINE PV-TECH Co. Ltd.,Mono-c-Si,0,184.912,164.7,1.277,1.58,0.808,72,5.54,45,5.08,36.4,0.00277,-0.162,47,1.94578,5.55527,4.82E-10,0.57153,207.334,7.96783,-0.47,N,SAM 2021.12.02,11/16/2022
ZNSHINE PV-TECH Co. Ltd. ZXM5-72-190/MS,ZNSHINE PV-TECH Co. Ltd.,Mono-c-Si,0,189.847,169.3,1.277,1.58,0.808,72,5.58,45.36,5.18,36.65,0.00279,-0.163296,47,1.94517,5.58949,4.07E-10,0.584553,343.626,6.38741,-0.47,N,SAM 2021.12.02,11/16/2022
Zytech Solar ZT315P,Zytech Solar,Multi-c-Si,0,315.094,285.1,1.931,1.95,0.99,72,9.01,46.44,8.56,36.81,0.00435183,-0.148562,46.4,1.86503,9.10661,1.39E-10,0.488376,682.29,5.57875,-0.4308,N,SAM 2021.12.02,11/16/2022
Zytech Solar ZT320P,Zytech Solar,Multi-c-Si,0,320.42,289.8,1.931,1.95,0.99,72,9.12,46.6,8.66,37,0.00440496,-0.149073,46.4,1.87379,9.21845,1.45E-10,0.475581,604.222,5.83834,-0.4308,N,SAM 2021.12.02,11/16/2022
